Player_name,Batting_avg,Batting_strikerate,Batting_total_runs,Batting_boundary,Batting_dot,Bowling_balls,Bowling_over,Bowling_runs,Bowling_economy,Bowling_wickets,Bowling_total_runs,Bowling_avg,Bowling_strikerate
SC Ganguly,25.942307692307693,106.81,1349.0,59.3,47.43,276.0,46.0,363.0,7.891304347826087,12.0,30.25,23.0,14.130434782608695
BB McCullum,28.254901960784313,131.6,2882.0,67.73,43.2,,,,,,,,
RT Ponting,11.375,71.09,91.0,35.16,53.12,,,,,,,,
DJ Hussey,28.73913043478261,122.98,1322.0,54.46,37.12,317.0,52.833333333333336,473.0,8.952681388012618,10.0,47.3,31.7,17.350157728706623
Mohammad Hafeez,9.142857142857142,77.11,64.0,62.5,60.24,60.0,10.0,64.0,6.4,2.0,32.0,30.0,11.666666666666666
R Dravid,28.986666666666668,115.52,2174.0,57.22,41.6,,,,,,,,
W Jaffer,18.571428571428573,107.44,130.0,56.92,46.28,,,,,,,,
V Kohli,39.09268292682927,132.05,8014.0,55.78,33.47,251.0,41.833333333333336,367.0,8.772908366533864,5.0,73.4,50.2,14.342629482071715
JH Kallis,29.240963855421686,109.23,2427.0,52.9,41.09,1742.0,290.3333333333333,2279.0,7.849598163031,74.0,30.7972972972973,23.54054054054054,16.87715269804822
CL White,28.558823529411764,127.76,971.0,54.79,34.21,42.0,7.0,85.0,12.142857142857142,1.0,85.0,42.0,26.190476190476193
MV Boucher,28.142857142857142,127.51,394.0,52.28,34.63,,,,,,,,
B Akhil,15.2,138.18,76.0,65.79,43.64,188.0,31.333333333333332,240.0,7.659574468085107,7.0,34.285714285714285,26.857142857142858,14.361702127659576
AA Noffke,9.0,90.0,9.0,44.44,40.0,24.0,4.0,36.0,9.0,1.0,36.0,24.0,16.666666666666664
P Kumar,10.0,108.28,340.0,55.88,47.45,2524.0,420.6666666666667,3219.0,7.652139461172741,102.0,31.558823529411764,24.745098039215687,17.51188589540412
Z Khan,8.357142857142858,82.98,117.0,47.86,52.48,2200.0,366.6666666666667,2767.0,7.546363636363636,119.0,23.252100840336134,18.48739495798319,17.09090909090909
SB Joshi,3.0,42.86,6.0,0.0,57.14,55.0,9.166666666666666,82.0,8.945454545454545,1.0,82.0,55.0,20.0
PA Patel,23.537190082644628,120.78,2848.0,61.59,42.28,,,,,,,,
ML Hayden,39.535714285714285,137.34,1107.0,67.57,41.44,,,,,,,,
MEK Hussey,40.3469387755102,122.64,1977.0,55.84,37.66,,,,,,,,
MS Dhoni,40.02290076335878,137.54,5243.0,56.53,33.79,,,,,,,,
SK Raina,34.17283950617284,136.83,5536.0,58.67,33.24,908.0,151.33333333333334,1118.0,7.387665198237885,30.0,37.266666666666666,30.266666666666666,12.665198237885464
JDP Oram,13.25,98.15,106.0,50.94,44.44,237.0,39.5,349.0,8.835443037974683,13.0,26.846153846153847,18.23076923076923,20.253164556962027
S Badrinath,31.32608695652174,118.89,1441.0,54.41,37.95,,,,,,,,
K Goel,16.76923076923077,94.37,218.0,55.96,52.81,66.0,11.0,93.0,8.454545454545455,0.0,,,16.666666666666664
JR Hopes,26.0625,136.27,417.0,62.83,36.6,360.0,60.0,548.0,9.133333333333333,14.0,39.142857142857146,25.714285714285715,20.0
KC Sangakkara,25.953846153846154,121.19,1687.0,55.84,37.36,,,,,,,,
Yuvraj Singh,25.738317757009344,129.78,2754.0,64.12,42.04,869.0,144.83333333333334,1077.0,7.436133486766398,39.0,27.615384615384617,22.28205128205128,11.507479861910241
SM Katich,26.77777777777778,129.57,241.0,63.07,43.01,,,,,,,,
IK Pathan,23.46938775510204,121.05,1150.0,50.43,35.58,2043.0,340.5,2639.0,7.750367107195301,99.0,26.656565656565657,20.636363636363637,18.355359765051396
T Kohli,3.6666666666666665,57.89,11.0,54.55,68.42,,,,,,,,
YK Pathan,30.685714285714287,143.52,3222.0,62.63,34.88,1147.0,191.16666666666666,1409.0,7.370531822144725,46.0,30.630434782608695,24.934782608695652,13.600697471665214
SR Watson,31.29032258064516,137.93,3880.0,68.25,41.56,2029.0,338.1666666666667,2679.0,7.922129127649088,107.0,25.037383177570092,18.962616822429908,18.087727944800395
M Kaif,16.1875,103.6,259.0,47.88,44.8,,,,,,,,
DS Lehmann,9.0,100.0,18.0,66.67,50.0,,,,,,,,
RA Jadeja,27.91509433962264,129.78,2959.0,50.76,31.84,3829.0,638.1666666666666,4843.0,7.588926612692609,169.0,28.65680473372781,22.65680473372781,12.979890310786105
M Rawat,11.0,79.71,55.0,40.0,47.83,,,,,,,,
D Salunkhe,33.0,137.5,33.0,60.61,33.33,47.0,7.833333333333333,74.0,9.446808510638299,1.0,74.0,47.0,19.148936170212767
SK Warne,11.647058823529411,92.52,198.0,46.46,46.73,1194.0,199.0,1437.0,7.221105527638191,60.0,23.95,19.9,12.311557788944723
SK Trivedi,6.0,71.19,42.0,42.86,59.32,1506.0,251.0,1891.0,7.53386454183267,73.0,25.904109589041095,20.63013698630137,13.612217795484726
G Gambhir,32.9453125,123.88,4217.0,55.06,36.34,,,,,,,,
V Sehwag,28.71578947368421,155.44,2728.0,72.29,37.55,136.0,22.666666666666668,235.0,10.367647058823529,6.0,39.166666666666664,22.666666666666668,25.735294117647058
S Dhawan,36.19786096256684,127.09,6769.0,58.95,37.16,48.0,8.0,66.0,8.25,4.0,16.5,12.0,20.833333333333336
L Ronchi,11.333333333333334,100.0,34.0,88.24,67.65,,,,,,,,
ST Jayasuriya,27.428571428571427,144.36,768.0,74.22,47.18,294.0,49.0,382.0,7.795918367346939,16.0,23.875,18.375,12.925170068027212
DJ Thornely,13.0,73.58,39.0,51.28,56.6,42.0,7.0,40.0,5.714285714285714,3.0,13.333333333333334,14.0,11.904761904761903
RV Uthappa,28.30857142857143,130.33,4954.0,60.88,38.73,,,,,,,,
PR Shah,11.5,101.1,92.0,52.17,48.35,,,,,,,,
AM Nayar,18.666666666666668,116.46,672.0,50.6,38.65,229.0,38.166666666666664,321.0,8.41048034934498,9.0,35.666666666666664,25.444444444444443,15.283842794759824
SM Pollock,18.375,132.43,147.0,65.31,37.84,276.0,46.0,301.0,6.543478260869565,13.0,23.153846153846153,21.23076923076923,14.130434782608695
Harbhajan Singh,16.333333333333332,137.91,833.0,68.19,41.89,3416.0,569.3333333333334,4008.0,7.039812646370023,161.0,24.8944099378882,21.217391304347824,12.90983606557377
S Chanderpaul,8.333333333333334,80.65,25.0,64.0,58.06,,,,,,,,
LRPL Taylor,26.763157894736842,123.72,1017.0,53.1,37.59,12.0,2.0,24.0,12.0,0.0,,,16.666666666666664
AC Gilchrist,27.586666666666666,138.39,2069.0,72.89,45.28,1.0,0.16666666666666666,0.0,0.0,1.0,0.0,1.0,0.0
Y Venugopal Rao,23.452380952380953,117.82,985.0,53.81,39.0,216.0,36.0,335.0,9.305555555555555,7.0,47.857142857142854,30.857142857142858,19.90740740740741
VVS Laxman,17.625,105.62,282.0,57.45,44.57,,,,,,,,
A Symonds,40.583333333333336,129.87,974.0,55.65,36.93,527.0,87.83333333333333,669.0,7.616698292220114,23.0,29.08695652173913,22.91304347826087,14.61100569259962
RG Sharma,30.0,131.11,6630.0,61.57,37.77,339.0,56.5,448.0,7.929203539823009,16.0,28.0,21.1875,12.684365781710916
SB Styris,18.714285714285715,98.5,131.0,44.27,39.1,216.0,36.0,276.0,7.666666666666667,9.0,30.666666666666668,24.0,15.277777777777779
AS Yadav,9.8,125.64,49.0,65.31,43.59,,,,,,,,
SB Bangar,8.166666666666666,84.48,49.0,44.9,48.28,150.0,25.0,215.0,8.6,6.0,35.833333333333336,25.0,20.666666666666668
WPUJC Vaas,11.571428571428571,110.96,81.0,32.1,32.88,282.0,47.0,351.0,7.468085106382978,22.0,15.954545454545455,12.818181818181818,18.79432624113475
RP Singh,3.7142857142857144,68.42,52.0,26.92,51.32,1775.0,295.8333333333333,2335.0,7.892957746478873,100.0,23.35,17.75,18.253521126760564
WP Saha,24.864406779661017,127.57,2934.0,58.15,37.7,,,,,,,,
LR Shukla,15.0,115.71,405.0,56.3,41.14,314.0,52.333333333333336,441.0,8.426751592356688,17.0,25.941176470588236,18.470588235294116,17.51592356687898
DPMD Jayawardene,30.64406779661017,123.5,1808.0,57.52,38.32,,,,,,,,
S Sohal,20.444444444444443,126.03,368.0,66.3,47.6,,,,,,,,
B Lee,13.777777777777779,127.84,124.0,64.52,42.27,875.0,145.83333333333334,1083.0,7.426285714285714,30.0,36.1,29.166666666666668,16.914285714285715
PP Chawla,11.773584905660377,110.83,624.0,55.13,43.69,3850.0,641.6666666666666,5072.0,7.904415584415585,201.0,25.233830845771145,19.154228855721392,15.480519480519481
WA Mota,11.2,74.67,56.0,14.29,38.67,72.0,12.0,97.0,8.083333333333334,4.0,24.25,18.0,12.5
Kamran Akmal,32.0,164.1,128.0,78.12,42.31,,,,,,,,
Shahid Afridi,10.125,176.09,81.0,79.01,43.48,180.0,30.0,225.0,7.5,9.0,25.0,20.0,14.444444444444443
DJ Bravo,22.941176470588236,129.57,1560.0,56.15,37.79,3120.0,520.0,4354.0,8.373076923076923,207.0,21.033816425120772,15.072463768115941,16.153846153846153
MA Khote,12.0,109.09,24.0,58.33,45.45,30.0,5.0,51.0,10.2,2.0,25.5,15.0,20.0
A Nehra,6.833333333333333,66.13,41.0,43.9,58.06,1908.0,318.0,2488.0,7.823899371069182,121.0,20.56198347107438,15.768595041322314,18.60587002096436
GC Smith,28.423076923076923,110.63,739.0,58.19,44.46,,,,,,,,
Pankaj Singh,3.5,58.33,7.0,0.0,50.0,300.0,50.0,464.0,9.28,11.0,42.18181818181818,27.272727272727273,23.0
RR Sarwan,24.333333333333332,97.33,73.0,41.1,41.33,,,,,,,,
S Sreesanth,11.333333333333334,61.82,34.0,70.59,74.55,880.0,146.66666666666666,1179.0,8.038636363636364,43.0,27.41860465116279,20.46511627906977,19.204545454545453
VRV Singh,4.0,133.33,4.0,100.0,66.67,360.0,60.0,542.0,9.033333333333333,16.0,33.875,22.5,20.555555555555554
SS Tiwary,30.489795918367346,120.1,1494.0,49.8,34.73,,,,,,,,
DS Kulkarni,13.0,96.3,104.0,38.46,41.67,1787.0,297.8333333333333,2453.0,8.236149972020145,91.0,26.956043956043956,19.63736263736264,19.753777280358143
R Vinay Kumar,12.4,113.14,310.0,44.52,37.59,2127.0,354.5,2984.0,8.417489421720733,127.0,23.496062992125985,16.748031496062993,18.61777150916784
AB Agarkar,22.375,116.23,179.0,45.81,35.06,782.0,130.33333333333334,1150.0,8.823529411764705,33.0,34.84848484848485,23.696969696969695,19.69309462915601
M Kartik,18.833333333333332,104.63,113.0,30.09,28.7,1149.0,191.5,1374.0,7.174934725848564,39.0,35.23076923076923,29.46153846153846,12.010443864229766
I Sharma,9.5,82.61,57.0,49.12,53.62,2309.0,384.8333333333333,3140.0,8.159376353399741,96.0,32.708333333333336,24.052083333333332,19.96535296665223
AM Rahane,31.154362416107382,123.42,4642.0,54.59,36.32,6.0,1.0,5.0,5.0,1.0,5.0,6.0,0.0
Shoaib Malik,13.0,110.64,52.0,38.46,29.79,51.0,8.5,84.0,9.882352941176471,2.0,42.0,25.5,19.607843137254903
MK Tiwary,29.736842105263158,116.98,1695.0,50.97,36.65,42.0,7.0,81.0,11.571428571428571,1.0,81.0,42.0,21.428571428571427
KD Karthik,27.674285714285713,135.28,4843.0,58.43,34.13,,,,,,,,
R Bhatia,11.793103448275861,120.42,342.0,50.88,36.62,1636.0,272.6666666666667,2011.0,7.375305623471882,82.0,24.524390243902438,19.951219512195124,11.491442542787286
MF Maharoof,17.7,143.9,177.0,57.63,34.96,420.0,70.0,515.0,7.357142857142857,33.0,15.606060606060606,12.727272727272727,14.761904761904763
VY Mahesh,7.5,55.56,15.0,0.0,51.85,339.0,56.5,498.0,8.814159292035399,22.0,22.636363636363637,15.409090909090908,19.76401179941003
TM Srivastava,8.0,72.73,8.0,0.0,45.45,,,,,,,,
B Chipli,18.666666666666668,111.55,280.0,55.0,41.83,6.0,1.0,20.0,20.0,0.0,,,50.0
DW Steyn,8.35,104.38,167.0,44.31,43.12,2182.0,363.6666666666667,2506.0,6.890925756186984,105.0,23.866666666666667,20.78095238095238,15.536205316223647
DB Das,25.333333333333332,116.48,304.0,61.84,45.21,,,,,,,,
MK Pandey,29.458015267175572,121.24,3859.0,51.98,35.88,,,,,,,,
HH Gibbs,28.580645161290324,109.79,886.0,58.47,47.09,,,,,,,,
DNT Zoysa,11.0,122.22,11.0,36.36,33.33,66.0,11.0,99.0,9.0,2.0,49.5,33.0,22.727272727272727
D Kalyankrishna,3.0,37.5,3.0,0.0,62.5,48.0,8.0,87.0,10.875,2.0,43.5,24.0,25.0
SE Marsh,40.145161290322584,133.03,2489.0,62.03,37.09,,,,,,,,
SA Asnodkar,23.5,124.78,423.0,67.14,44.54,,,,,,,,
Sohail Tanvir,12.0,124.14,36.0,50.0,31.03,247.0,41.166666666666664,264.0,6.412955465587045,24.0,11.0,10.291666666666666,13.765182186234817
Salman Butt,27.571428571428573,119.88,193.0,68.39,46.58,,,,,,,,
BJ Hodge,34.146341463414636,125.22,1400.0,53.29,36.14,234.0,39.0,298.0,7.641025641025641,18.0,16.555555555555557,13.0,13.247863247863249
Umar Gul,13.0,205.26,39.0,87.18,42.11,135.0,22.5,184.0,8.177777777777777,14.0,13.142857142857142,9.642857142857142,16.296296296296298
AB Dinda,2.888888888888889,54.17,26.0,30.77,60.42,1516.0,252.66666666666666,2060.0,8.153034300791557,82.0,25.121951219512194,18.48780487804878,19.129287598944593
SP Fleming,21.77777777777778,118.79,196.0,64.29,48.48,,,,,,,,
S Vidyut,18.125,133.03,145.0,70.34,44.95,12.0,2.0,22.0,11.0,1.0,22.0,12.0,25.0
JA Morkel,25.657894736842106,141.92,975.0,58.87,33.04,1723.0,287.1666666666667,2340.0,8.148578061520602,96.0,24.375,17.947916666666668,18.57225769007545
AB de Villiers,42.467213114754095,151.89,5181.0,61.26,30.46,,,,,,,,
LPC Silva,20.0,153.85,40.0,65.0,34.62,6.0,1.0,21.0,21.0,0.0,,,50.0
DB Ravi Teja,19.736842105263158,118.3,375.0,51.73,36.59,18.0,3.0,28.0,9.333333333333334,1.0,28.0,18.0,16.666666666666664
Misbah-ul-Haq,16.714285714285715,144.44,117.0,64.96,37.04,,,,,,,,
YV Takawale,24.0,107.87,192.0,63.54,53.37,,,,,,,,
RR Raje,20.0,111.11,20.0,50.0,33.33,139.0,23.166666666666668,205.0,8.848920863309353,7.0,29.285714285714285,19.857142857142858,19.424460431654676
PJ Sangwan,3.7142857142857144,59.09,26.0,15.38,54.55,856.0,142.66666666666666,1231.0,8.628504672897197,44.0,27.977272727272727,19.454545454545453,19.859813084112147
Mohammad Asif,1.5,50.0,3.0,0.0,50.0,192.0,32.0,296.0,9.25,9.0,32.888888888888886,21.333333333333332,23.4375
GD McGrath,4.0,80.0,4.0,100.0,80.0,324.0,54.0,357.0,6.611111111111111,14.0,25.5,23.142857142857142,15.74074074074074
Joginder Sharma,9.0,120.0,36.0,44.44,33.33,256.0,42.666666666666664,418.0,9.796875,13.0,32.15384615384615,19.692307692307693,21.484375
MS Gony,11.0,139.44,99.0,72.73,47.89,888.0,148.0,1287.0,8.695945945945946,39.0,33.0,22.76923076923077,21.17117117117117
M Muralitharan,3.3333333333333335,66.67,20.0,20.0,56.67,1528.0,254.66666666666666,1695.0,6.655759162303665,67.0,25.29850746268657,22.80597014925373,11.2565445026178
M Ntini,11.0,61.11,11.0,72.73,77.78,210.0,35.0,241.0,6.885714285714286,8.0,30.125,26.25,17.61904761904762
DT Patil,13.0,100.0,13.0,30.77,38.46,,,,,,,,
A Kumble,17.5,74.47,35.0,34.29,46.81,965.0,160.83333333333334,1045.0,6.4974093264248705,49.0,21.3265306122449,19.693877551020407,11.088082901554404
S Anirudha,17.0,120.35,136.0,57.35,40.71,,,,,,,,
MM Patel,7.8,95.12,39.0,51.28,43.9,1355.0,225.83333333333334,1697.0,7.514391143911439,82.0,20.695121951219512,16.524390243902438,17.785977859778598
CK Kapugedera,5.333333333333333,69.57,16.0,0.0,39.13,17.0,2.8333333333333335,49.0,17.294117647058822,0.0,,,47.05882352941176
A Chopra,10.6,74.65,53.0,52.83,57.75,,,,,,,,
T Taibu,10.333333333333334,119.23,31.0,38.71,34.62,,,,,,,,
J Arunkumar,7.666666666666667,100.0,23.0,86.96,65.22,,,,,,,,
PP Ojha,1.7777777777777777,35.56,16.0,0.0,66.67,1899.0,316.5,2307.0,7.289099526066351,99.0,23.303030303030305,19.181818181818183,12.796208530805686
SP Goswami,15.421052631578947,99.32,293.0,49.83,44.75,,,,,,,,
SR Tendulkar,34.83582089552239,119.82,2334.0,58.18,39.94,36.0,6.0,58.0,9.666666666666666,0.0,,,19.444444444444446
U Kaul,,0.0,0.0,,100.0,,,,,,,,
TM Dilshan,28.825,114.5,1153.0,61.06,44.89,271.0,45.166666666666664,365.0,8.08118081180812,5.0,73.0,54.2,15.498154981549817
A Mishra,13.607142857142858,90.93,381.0,40.42,42.48,3371.0,561.8333333333334,4138.0,7.365173539009196,183.0,22.612021857923498,18.420765027322403,12.548205280332244
AD Mascarenhas,8.777777777777779,101.28,79.0,32.91,35.9,308.0,51.333333333333336,355.0,6.915584415584415,19.0,18.68421052631579,16.210526315789473,13.636363636363635
NK Patel,30.25,101.68,121.0,51.24,47.06,,,,,,,,
LA Pomersbach,30.2,122.76,302.0,58.94,42.28,,,,,,,,
Iqbal Abdulla,88.0,104.76,88.0,47.73,40.48,920.0,153.33333333333334,1106.0,7.213043478260869,45.0,24.57777777777778,20.444444444444443,13.586956521739129
Younis Khan,3.0,42.86,3.0,0.0,57.14,,,,,,,,
PM Sarvesh Kumar,,50.0,1.0,0.0,50.0,30.0,5.0,42.0,8.4,1.0,42.0,30.0,23.333333333333332
DP Vijaykumar,,100.0,1.0,0.0,0.0,152.0,25.333333333333332,199.0,7.855263157894737,4.0,49.75,38.0,18.421052631578945
Shoaib Akhtar,2.0,28.57,2.0,0.0,71.43,42.0,7.0,54.0,7.714285714285714,5.0,10.8,8.4,19.047619047619047
Abdur Razzak,,0.0,0.0,,100.0,12.0,2.0,25.0,12.5,0.0,,,33.33333333333333
H Das,2.0,40.0,2.0,0.0,60.0,,,,,,,,
DR Smith,29.8125,135.2,2385.0,70.52,44.95,539.0,89.83333333333333,805.0,8.96103896103896,27.0,29.814814814814813,19.962962962962962,20.037105751391465
SD Chitnis,14.142857142857142,111.24,99.0,52.53,39.33,36.0,6.0,56.0,9.333333333333334,2.0,28.0,18.0,19.444444444444446
CRD Fernando,,133.33,4.0,0.0,0.0,234.0,39.0,294.0,7.538461538461538,19.0,15.473684210526315,12.31578947368421,16.666666666666664
VS Yeligati,2.0,100.0,2.0,0.0,50.0,30.0,5.0,55.0,11.0,0.0,,,30.0
L Balaji,5.142857142857143,73.47,36.0,38.89,57.14,1512.0,252.0,2014.0,7.992063492063492,85.0,23.694117647058825,17.788235294117648,16.997354497354497
A Mukund,9.5,86.36,19.0,21.05,36.36,,,,,,,,
RR Powar,33.5,104.69,67.0,44.78,42.19,426.0,71.0,518.0,7.295774647887324,15.0,34.53333333333333,28.4,13.849765258215962
JP Duminy,42.270833333333336,124.02,2029.0,48.2,31.66,678.0,113.0,825.0,7.300884955752212,23.0,35.869565217391305,29.47826086956522,12.684365781710916
A Flintoff,31.0,116.98,62.0,51.61,37.74,66.0,11.0,105.0,9.545454545454545,2.0,52.5,33.0,21.21212121212121
T Thushara,6.0,66.67,12.0,0.0,50.0,135.0,22.5,161.0,7.155555555555556,10.0,16.1,13.5,14.074074074074074
JD Ryder,22.37037037037037,131.88,604.0,64.57,41.92,236.0,39.333333333333336,302.0,7.677966101694915,11.0,27.454545454545453,21.454545454545453,14.40677966101695
KP Pietersen,37.074074074074076,134.72,1001.0,60.34,37.01,174.0,29.0,211.0,7.275862068965517,9.0,23.444444444444443,19.333333333333332,10.919540229885058
T Henderson,11.0,68.75,11.0,54.55,68.75,36.0,6.0,40.0,6.666666666666667,1.0,40.0,36.0,13.88888888888889
Kamran Khan,3.0,60.0,3.0,0.0,60.0,166.0,27.666666666666668,239.0,8.638554216867469,14.0,17.071428571428573,11.857142857142858,21.084337349397593
RS Bopara,31.235294117647058,117.22,531.0,47.46,35.32,206.0,34.333333333333336,283.0,8.242718446601941,13.0,21.76923076923077,15.846153846153847,16.990291262135923
CH Gayle,39.976,149.34,4997.0,75.77,43.81,554.0,92.33333333333333,710.0,7.689530685920578,19.0,37.36842105263158,29.157894736842106,13.718411552346572
MC Henriques,27.77777777777778,126.9,1000.0,51.6,34.39,950.0,158.33333333333334,1285.0,8.11578947368421,46.0,27.934782608695652,20.652173913043477,16.94736842105263
R Bishnoi,6.333333333333333,111.76,19.0,84.21,64.71,,,,,,,,
FH Edwards,4.0,80.0,4.0,0.0,60.0,140.0,23.333333333333332,154.0,6.6000000000000005,6.0,25.666666666666668,23.333333333333332,15.714285714285714
KV Sharma,14.625,119.39,351.0,51.85,38.44,1495.0,249.16666666666666,2087.0,8.375919732441472,82.0,25.451219512195124,18.23170731707317,16.187290969899664
PC Valthaty,22.954545454545453,120.81,505.0,72.08,51.67,151.0,25.166666666666668,201.0,7.986754966887417,7.0,28.714285714285715,21.571428571428573,14.56953642384106
RJ Quiney,14.714285714285714,100.98,103.0,64.08,52.94,,,,,,,,
AS Raut,21.555555555555557,116.17,194.0,48.45,37.13,30.0,5.0,44.0,8.8,0.0,,,16.666666666666664
Yashpal Singh,11.75,71.21,47.0,42.55,57.58,,,,,,,,
M Manhas,22.347826086956523,109.36,514.0,45.14,38.51,42.0,7.0,42.0,6.0,0.0,,,7.142857142857142
AA Bilakhia,13.8,81.18,69.0,28.99,47.06,,,,,,,,
AN Ghosh,3.5,87.5,7.0,57.14,62.5,,,,,,,,
BAW Mendis,1.5,50.0,3.0,0.0,50.0,244.0,40.666666666666664,299.0,7.352459016393443,9.0,33.22222222222222,27.11111111111111,11.885245901639344
DL Vettori,17.285714285714285,107.08,121.0,46.28,36.28,777.0,129.5,879.0,6.787644787644788,34.0,25.852941176470587,22.852941176470587,11.711711711711711
MN van Wyk,55.666666666666664,126.52,167.0,49.1,31.06,,,,,,,,
RE van der Merwe,14.454545454545455,112.77,159.0,57.86,44.68,443.0,73.83333333333333,498.0,6.744920993227991,25.0,19.92,17.72,9.480812641083523
TL Suman,22.533333333333335,117.57,676.0,55.62,42.26,150.0,25.0,197.0,7.88,7.0,28.142857142857142,21.428571428571427,12.0
Shoaib Ahmed,0.5,16.67,1.0,0.0,83.33,102.0,17.0,152.0,8.941176470588236,5.0,30.4,20.4,20.588235294117645
GR Napier,15.0,93.75,15.0,26.67,43.75,24.0,4.0,27.0,6.75,1.0,27.0,24.0,12.5
KP Appanna,2.0,50.0,2.0,0.0,50.0,216.0,36.0,284.0,7.888888888888889,11.0,25.818181818181817,19.636363636363637,14.351851851851851
LA Carseldine,27.0,119.12,81.0,54.32,41.18,6.0,1.0,6.0,6.0,1.0,6.0,6.0,16.666666666666664
NV Ojha,21.583333333333332,118.35,1554.0,61.65,45.77,,,,,,,,
SM Harwood,,64.29,9.0,0.0,50.0,60.0,10.0,68.0,6.8,3.0,22.666666666666668,20.0,13.333333333333334
M Vijay,28.161290322580644,121.81,2619.0,58.57,43.21,36.0,6.0,49.0,8.166666666666666,0.0,,,16.666666666666664
SB Jakati,28.0,96.55,28.0,42.86,37.93,1085.0,180.83333333333334,1438.0,7.952073732718894,50.0,28.76,21.7,14.47004608294931
DA Warner,41.563291139240505,139.66,6567.0,61.95,36.71,1.0,0.16666666666666666,2.0,12.0,0.0,,,0.0
RJ Harris,9.75,104.46,117.0,35.9,41.07,832.0,138.66666666666666,1031.0,7.435096153846154,47.0,21.93617021276596,17.70212765957447,17.548076923076923
D du Preez,10.0,76.92,10.0,0.0,38.46,42.0,7.0,56.0,8.0,4.0,14.0,10.5,16.666666666666664
M Morkel,12.6,140.0,126.0,58.73,35.56,1629.0,271.5,2075.0,7.642725598526703,88.0,23.579545454545453,18.511363636363637,17.863720073664823
AD Mathews,25.857142857142858,125.91,724.0,48.34,31.83,791.0,131.83333333333334,1070.0,8.11630847029077,28.0,38.214285714285715,28.25,16.055625790139064
J Botha,20.45,113.93,409.0,45.48,37.05,694.0,115.66666666666667,796.0,6.881844380403458,27.0,29.48148148148148,25.703703703703702,12.103746397694524
C Nanda,0.0,0.0,0.0,,100.0,48.0,8.0,57.0,7.125,2.0,28.5,24.0,6.25
SL Malinga,8.0,88.89,88.0,61.36,55.56,2828.0,471.3333333333333,3340.0,7.0862800565770865,188.0,17.76595744680851,15.042553191489361,14.144271570014144
Mashrafe Mortaza,,100.0,2.0,0.0,50.0,24.0,4.0,58.0,14.5,1.0,58.0,24.0,33.33333333333333
A Singh,0.5,20.0,2.0,0.0,80.0,473.0,78.83333333333333,616.0,7.813953488372094,31.0,19.870967741935484,15.258064516129032,17.758985200845668
GJ Bailey,25.5,121.88,663.0,52.79,36.58,,,,,,,,
AB McDonald,24.6,123.0,123.0,48.78,35.0,186.0,31.0,261.0,8.419354838709678,14.0,18.642857142857142,13.285714285714286,16.666666666666664
Y Nagar,20.357142857142858,110.04,285.0,47.02,39.0,66.0,11.0,123.0,11.181818181818182,4.0,30.75,16.5,25.757575757575758
SS Shaikh,,85.71,6.0,66.67,57.14,,,,,,,,
R Ashwin,14.035087719298245,118.52,800.0,51.5,36.15,4524.0,754.0,5333.0,7.072944297082228,198.0,26.934343434343436,22.848484848484848,11.472148541114057
Mohammad Ashraful,2.0,20.0,2.0,0.0,80.0,,,,,,,,
CA Pujara,21.666666666666668,99.74,390.0,57.44,48.08,,,,,,,,
OA Shah,42.166666666666664,130.08,506.0,54.15,34.19,,,,,,,,
Anirudh Singh,15.75,95.45,63.0,47.62,46.97,,,,,,,,
Jaskaran Singh,8.0,72.73,8.0,0.0,45.45,102.0,17.0,171.0,10.058823529411764,6.0,28.5,17.0,26.47058823529412
AP Tare,14.125,124.18,339.0,66.67,47.62,,,,,,,,
AT Rayudu,29.37837837837838,127.54,4348.0,56.9,35.0,,,,,,,,
R Sathish,16.875,116.88,270.0,45.93,37.66,139.0,23.166666666666668,232.0,10.014388489208633,6.0,38.666666666666664,23.166666666666668,20.14388489208633
R McLaren,19.875,92.98,159.0,38.99,40.35,354.0,59.0,538.0,9.11864406779661,14.0,38.42857142857143,25.285714285714285,22.598870056497177
AA Jhunjhunwala,18.083333333333332,103.33,217.0,48.85,42.86,85.0,14.166666666666666,129.0,9.105882352941176,1.0,129.0,85.0,17.647058823529413
P Dogra,15.875,92.03,127.0,36.22,43.48,,,,,,,,
A Uniyal,4.0,57.14,4.0,0.0,42.86,36.0,6.0,66.0,11.0,3.0,22.0,12.0,25.0
MS Bisla,22.166666666666668,113.68,798.0,63.91,48.43,,,,,,,,
YA Abdulla,,0.0,0.0,,100.0,209.0,34.833333333333336,307.0,8.813397129186603,15.0,20.466666666666665,13.933333333333334,21.5311004784689
EJG Morgan,23.83050847457627,122.47,1406.0,59.17,41.72,,,,,,,,
JM Kemp,13.0,108.33,26.0,38.46,41.67,44.0,7.333333333333333,54.0,7.363636363636364,3.0,18.0,14.666666666666666,15.909090909090908
S Tyagi,,75.0,3.0,0.0,25.0,209.0,34.833333333333336,295.0,8.4688995215311,6.0,49.166666666666664,34.833333333333336,22.00956937799043
RS Gavaskar,2.0,25.0,2.0,0.0,75.0,6.0,1.0,8.0,8.0,0.0,,,16.666666666666664
SE Bond,1.0,50.0,1.0,0.0,50.0,186.0,31.0,223.0,7.193548387096774,9.0,24.77777777777778,20.666666666666668,16.129032258064516
KA Pollard,28.641666666666666,147.57,3437.0,64.82,36.45,1488.0,248.0,2175.0,8.77016129032258,81.0,26.85185185185185,18.37037037037037,16.599462365591396
S Ladda,0.0,0.0,0.0,,100.0,138.0,23.0,224.0,9.73913043478261,5.0,44.8,27.6,21.014492753623188
DP Nannes,4.0,30.77,4.0,0.0,69.23,646.0,107.66666666666667,777.0,7.21671826625387,38.0,20.44736842105263,17.0,16.09907120743034
MJ Lumb,27.8,143.3,278.0,77.7,47.42,,,,,,,,
DR Martyn,19.0,79.17,19.0,21.05,33.33,,,,,,,,
S Narwal,12.333333333333334,137.04,37.0,64.86,37.04,106.0,17.666666666666668,202.0,11.433962264150942,6.0,33.666666666666664,17.666666666666668,28.30188679245283
AB Barath,21.0,100.0,42.0,61.9,50.0,,,,,,,,
Bipul Sharma,31.166666666666668,152.03,187.0,52.41,26.83,426.0,71.0,567.0,7.985915492957746,22.0,25.772727272727273,19.363636363636363,13.849765258215962
FY Fazal,20.333333333333332,105.78,183.0,51.37,39.31,12.0,2.0,20.0,10.0,1.0,20.0,12.0,16.666666666666664
AC Voges,45.25,126.57,181.0,43.09,30.77,54.0,9.0,76.0,8.444444444444445,1.0,76.0,54.0,18.51851851851852
MD Mishra,15.8,113.94,237.0,60.76,46.63,,,,,,,,
UT Yadav,10.4,103.48,208.0,56.73,47.76,3057.0,509.5,4318.0,8.474975466143277,163.0,26.49079754601227,18.754601226993866,20.41216879293425
J Theron,5.0,83.33,10.0,40.0,41.67,221.0,36.833333333333336,302.0,8.199095022624434,13.0,23.23076923076923,17.0,16.7420814479638
SJ Srivastava,5.0,100.0,5.0,0.0,20.0,282.0,47.0,433.0,9.212765957446809,15.0,28.866666666666667,18.8,22.340425531914892
R Sharma,6.0,88.0,66.0,57.58,61.33,928.0,154.66666666666666,1086.0,7.0215517241379315,42.0,25.857142857142858,22.095238095238095,12.392241379310345
Mandeep Singh,21.325,122.91,1706.0,54.63,37.82,12.0,2.0,26.0,13.0,0.0,,,25.0
KM Jadhav,23.686274509803923,123.14,1208.0,53.64,35.07,,,,,,,,
SW Tait,7.666666666666667,88.46,23.0,43.48,42.31,473.0,78.83333333333333,618.0,7.839323467230445,26.0,23.76923076923077,18.192307692307693,17.547568710359407
KB Arun Karthik,10.2,100.0,51.0,43.14,43.14,,,,,,,,
KAJ Roach,10.0,111.11,10.0,40.0,33.33,48.0,8.0,80.0,10.0,0.0,,,27.083333333333332
PD Collingwood,50.75,130.13,203.0,56.16,36.54,89.0,14.833333333333334,101.0,6.808988764044943,5.0,20.2,17.8,7.865168539325842
CK Langeveldt,4.0,88.89,8.0,75.0,66.67,156.0,26.0,187.0,7.1923076923076925,13.0,14.384615384615385,12.0,16.025641025641026
VS Malik,7.0,100.0,7.0,57.14,42.86,205.0,34.166666666666664,261.0,7.639024390243903,6.0,43.5,34.166666666666664,17.560975609756095
A Mithun,6.8,130.77,34.0,64.71,42.31,288.0,48.0,472.0,9.833333333333334,8.0,59.0,36.0,21.875
AP Dole,17.0,154.55,34.0,52.94,27.27,66.0,11.0,112.0,10.181818181818182,5.0,22.4,13.2,22.727272727272727
AN Ahmed,36.0,138.46,36.0,61.11,38.46,344.0,57.333333333333336,485.0,8.459302325581396,15.0,32.333333333333336,22.933333333333334,18.313953488372093
RS Sodhi,,200.0,4.0,100.0,50.0,,,,,,,,
DE Bollinger,21.0,91.3,21.0,47.62,47.83,576.0,96.0,687.0,7.15625,43.0,15.976744186046512,13.395348837209303,15.972222222222221
S Sriram,15.5,86.11,31.0,38.71,44.44,18.0,3.0,49.0,16.333333333333332,0.0,,,44.44444444444444
B Sumanth,35.0,94.59,35.0,34.29,37.84,,,,,,,,
C Madan,15.0,78.95,15.0,80.0,68.42,,,,,,,,
AG Paunikar,9.8,84.48,49.0,73.47,65.52,,,,,,,,
MR Marsh,21.451612903225808,127.64,665.0,63.16,41.46,560.0,93.33333333333333,795.0,8.517857142857144,37.0,21.486486486486488,15.135135135135135,17.857142857142858
AJ Finch,25.51219512195122,127.95,2092.0,63.29,42.08,43.0,7.166666666666667,67.0,9.348837209302324,1.0,67.0,43.0,18.6046511627907
STR Binny,20.46511627906977,128.84,880.0,53.86,36.75,594.0,99.0,758.0,7.656565656565657,28.0,27.071428571428573,21.214285714285715,15.151515151515152
Harmeet Singh,9.0,150.0,18.0,66.67,41.67,549.0,91.5,723.0,7.901639344262295,31.0,23.322580645161292,17.70967741935484,16.57559198542805
IR Jaggi,15.2,78.35,76.0,31.58,49.48,,,,,,,,
DT Christian,17.037037037037038,115.58,460.0,44.78,33.92,883.0,147.16666666666666,1191.0,8.092865232163081,40.0,29.775,22.075,16.08154020385051
RV Gomez,10.0,98.04,50.0,52.0,49.02,96.0,16.0,129.0,8.0625,6.0,21.5,16.0,17.708333333333336
MA Agarwal,23.412280701754387,133.32,2669.0,61.75,37.66,,,,,,,,
AUK Pathan,7.8,169.57,39.0,82.05,47.83,39.0,6.5,59.0,9.076923076923077,0.0,,,17.94871794871795
UBT Chand,15.0,100.0,300.0,60.67,52.0,,,,,,,,
DJ Jacobs,13.142857142857142,93.88,92.0,69.57,60.2,,,,,,,,
Sunny Singh,10.75,138.71,43.0,69.77,38.71,,,,,,,,
NJ Rimmington,,100.0,1.0,0.0,0.0,18.0,3.0,19.0,6.333333333333333,0.0,,,16.666666666666664
AL Menaria,19.095238095238095,112.64,401.0,50.87,39.61,110.0,18.333333333333332,143.0,7.800000000000001,3.0,47.666666666666664,36.666666666666664,17.272727272727273
WD Parnell,6.5,81.25,65.0,33.85,46.25,723.0,120.5,916.0,7.601659751037344,40.0,22.9,18.075,17.42738589211618
JJ van der Wath,9.0,112.5,18.0,55.56,43.75,72.0,12.0,129.0,10.75,3.0,43.0,24.0,31.944444444444443
R Ninan,3.0,50.0,3.0,0.0,50.0,36.0,6.0,65.0,10.833333333333334,3.0,21.666666666666668,12.0,22.22222222222222
S Aravind,19.666666666666668,103.51,59.0,47.46,42.11,760.0,126.66666666666667,1035.0,8.171052631578947,48.0,21.5625,15.833333333333334,18.815789473684212
MS Wade,14.076923076923077,103.39,183.0,56.83,48.02,,,,,,,,
TD Paine,5.0,38.46,10.0,0.0,61.54,,,,,,,,
SB Wagh,1.0,66.67,2.0,0.0,66.67,102.0,17.0,137.0,8.058823529411764,5.0,27.4,20.4,22.54901960784314
AC Thomas,10.0,105.26,20.0,50.0,42.11,315.0,52.5,406.0,7.733333333333333,16.0,25.375,19.6875,16.507936507936506
JEC Franklin,29.727272727272727,108.64,327.0,47.09,38.54,151.0,25.166666666666668,220.0,8.741721854304636,9.0,24.444444444444443,16.77777777777778,17.880794701986755
Shakib Al Hasan,20.384615384615383,124.41,795.0,52.58,33.33,1484.0,247.33333333333334,1833.0,7.4110512129380055,71.0,25.816901408450704,20.901408450704224,13.34231805929919
DH Yagnik,18.88888888888889,124.09,170.0,61.18,41.61,,,,,,,,
S Randiv,2.0,50.0,2.0,0.0,75.0,174.0,29.0,223.0,7.689655172413793,8.0,27.875,21.75,14.367816091954023
BJ Haddin,18.0,163.64,18.0,77.78,45.45,,,,,,,,
NLTC Perera,19.272727272727273,137.22,424.0,58.49,36.25,698.0,116.33333333333333,1015.0,8.724928366762178,37.0,27.43243243243243,18.864864864864863,20.20057306590258
NL McCullum,26.0,118.18,26.0,23.08,31.82,30.0,5.0,34.0,6.8,0.0,,,10.0
JE Taylor,,100.0,3.0,0.0,33.33,117.0,19.5,157.0,8.051282051282051,6.0,26.166666666666668,19.5,16.23931623931624
J Syed Mohammad,14.5,111.54,29.0,55.17,38.46,192.0,32.0,283.0,8.84375,10.0,28.3,19.2,15.625
RN ten Doeschate,23.285714285714285,138.72,326.0,59.51,32.77,78.0,13.0,93.0,7.153846153846154,3.0,31.0,26.0,8.974358974358974
TR Birt,15.0,129.31,75.0,64.0,44.83,,,,,,,,
AG Murtaza,10.0,71.43,10.0,40.0,50.0,264.0,44.0,309.0,7.0227272727272725,12.0,25.75,22.0,13.636363636363635
Harpreet Singh,20.5,103.36,123.0,47.15,41.18,,,,,,,,
M Klinger,18.25,94.81,73.0,49.32,45.45,,,,,,,,
AC Blizzard,17.142857142857142,133.33,120.0,80.0,52.22,,,,,,,,
I Malhotra,,175.0,7.0,57.14,0.0,6.0,1.0,23.0,23.0,0.0,,,66.66666666666666
L Ablish,,0.0,0.0,,100.0,42.0,7.0,75.0,10.714285714285714,5.0,15.0,8.4,28.57142857142857
CA Ingram,17.083333333333332,113.89,205.0,57.56,41.67,,,,,,,,
S Nadeem,2.7857142857142856,44.83,39.0,20.51,65.52,1415.0,235.83333333333334,1782.0,7.556183745583039,54.0,33.0,26.203703703703702,13.215547703180212
P Parameswaran,,50.0,1.0,0.0,50.0,154.0,25.666666666666668,224.0,8.727272727272727,9.0,24.88888888888889,17.11111111111111,21.428571428571427
CJ Ferguson,16.333333333333332,83.76,98.0,36.73,47.86,,,,,,,,
VR Aaron,12.5,69.44,50.0,40.0,58.33,994.0,165.66666666666666,1472.0,8.885311871227366,46.0,32.0,21.608695652173914,21.227364185110666
AA Chavan,12.0,109.09,12.0,66.67,45.45,248.0,41.333333333333336,325.0,7.862903225806451,8.0,40.625,31.0,17.741935483870968
ND Doshi,0.0,0.0,0.0,,100.0,56.0,9.333333333333334,79.0,8.464285714285714,2.0,39.5,28.0,19.642857142857142
B Kumar,9.5625,93.87,306.0,45.1,45.09,3910.0,651.6666666666666,4894.0,7.50997442455243,195.0,25.097435897435897,20.05128205128205,16.77749360613811
Y Gnaneswara Rao,19.0,111.76,19.0,63.16,47.06,6.0,1.0,7.0,7.0,0.0,,,16.666666666666664
S Rana,22.75,112.35,91.0,46.15,39.51,16.0,2.6666666666666665,18.0,6.75,0.0,,,12.5
BA Bhatt,,85.71,6.0,100.0,85.71,296.0,49.333333333333336,396.0,8.027027027027026,13.0,30.46153846153846,22.76923076923077,16.216216216216218
F du Plessis,38.411764705882355,136.37,4571.0,58.72,33.89,6.0,1.0,16.0,16.0,0.0,,,33.33333333333333
RE Levi,13.833333333333334,113.7,83.0,77.11,54.79,,,,,,,,
GJ Maxwell,25.666666666666668,156.7,2772.0,68.25,35.67,944.0,157.33333333333334,1296.0,8.23728813559322,41.0,31.609756097560975,23.024390243902438,15.360169491525424
SPD Smith,35.642857142857146,128.28,2495.0,50.66,31.16,2.0,0.3333333333333333,5.0,15.0,0.0,,,50.0
MN Samuels,14.636363636363637,93.6,161.0,48.45,48.84,214.0,35.666666666666664,283.0,7.934579439252337,10.0,28.3,21.4,16.355140186915886
SA Yadav,32.972477064220186,145.27,3594.0,64.55,34.44,6.0,1.0,8.0,8.0,0.0,,,16.666666666666664
KK Cooper,12.88888888888889,170.59,116.0,72.41,39.71,576.0,96.0,749.0,7.802083333333333,36.0,20.805555555555557,16.0,14.23611111111111
JP Faulkner,20.26923076923077,135.13,527.0,53.51,33.08,1238.0,206.33333333333334,1793.0,8.689822294022617,76.0,23.592105263157894,16.289473684210527,18.336025848142164
HV Patel,10.375,122.66,249.0,61.85,43.35,2162.0,360.3333333333333,3125.0,8.672525439407956,151.0,20.695364238410598,14.317880794701987,18.131359851988897
DAJ Bracewell,,133.33,12.0,33.33,11.11,24.0,4.0,32.0,8.0,3.0,10.666666666666666,8.0,16.666666666666664
DJ Harris,37.0,109.9,111.0,66.67,49.5,18.0,3.0,26.0,8.666666666666666,0.0,,,16.666666666666664
Ankit Sharma,12.428571428571429,129.85,87.0,59.77,40.3,367.0,61.166666666666664,444.0,7.258855585831063,12.0,37.0,30.583333333333332,12.534059945504087
SP Narine,18.261904761904763,165.84,1534.0,80.7,44.43,4081.0,680.1666666666666,4557.0,6.69982847341338,200.0,22.785,20.405,11.56579269786817
GB Hogg,11.0,100.0,22.0,18.18,22.73,458.0,76.33333333333333,560.0,7.336244541484716,25.0,22.4,18.32,13.318777292576419
RR Bhatkal,0.0,0.0,0.0,,100.0,12.0,2.0,35.0,17.5,0.0,,,41.66666666666667
CJ McKay,8.0,53.33,8.0,0.0,53.33,42.0,7.0,60.0,8.571428571428571,1.0,60.0,42.0,21.428571428571427
N Saini,14.0,99.29,140.0,45.71,46.81,,,,,,,,
DA Miller,37.0126582278481,139.17,2924.0,55.81,31.22,,,,,,,,
Azhar Mahmood,20.42105263157895,128.05,388.0,60.31,38.28,537.0,89.5,696.0,7.776536312849162,31.0,22.451612903225808,17.322580645161292,16.945996275605214
P Negi,16.59090909090909,126.3,365.0,55.89,38.75,716.0,119.33333333333333,939.0,7.868715083798883,38.0,24.710526315789473,18.842105263157894,14.52513966480447
RJ Peterson,10.666666666666666,106.67,32.0,56.25,43.33,48.0,8.0,70.0,8.75,3.0,23.333333333333332,16.0,20.833333333333336
KMDN Kulasekara,,166.67,5.0,80.0,33.33,102.0,17.0,120.0,7.0588235294117645,6.0,20.0,17.0,15.686274509803921
A Ashish Reddy,18.666666666666668,145.08,280.0,55.0,30.05,262.0,43.666666666666664,394.0,9.022900763358779,19.0,20.736842105263158,13.789473684210526,17.557251908396946
V Pratap Singh,0.0,0.0,0.0,,100.0,204.0,34.0,296.0,8.705882352941176,12.0,24.666666666666668,17.0,20.098039215686274
BB Samantray,25.0,110.62,125.0,51.2,39.82,,,,,,,,
MJ Clarke,16.333333333333332,104.26,98.0,48.98,43.62,66.0,11.0,67.0,6.090909090909091,3.0,22.333333333333332,22.0,9.090909090909092
Gurkeerat Singh,21.291666666666668,121.09,511.0,55.97,36.97,78.0,13.0,97.0,7.461538461538462,5.0,19.4,15.6,11.538461538461538
AP Majumdar,21.75,114.47,87.0,45.98,35.53,,,,,,,,
PA Reddy,16.4,102.5,164.0,43.9,40.62,,,,,,,,
K Upadhyay,,133.33,12.0,50.0,33.33,54.0,9.0,81.0,9.0,0.0,,,22.22222222222222
P Awana,2.5,35.71,5.0,0.0,64.29,747.0,124.5,1027.0,8.248995983935743,43.0,23.88372093023256,17.372093023255815,19.009370816599734
AD Russell,30.341463414634145,174.84,2488.0,77.89,38.86,1697.0,282.8333333333333,2635.0,9.316440777843253,125.0,21.08,13.576,21.803182086034177
A Chandila,,57.14,4.0,0.0,42.86,234.0,39.0,242.0,6.205128205128205,11.0,22.0,21.272727272727273,11.538461538461538
CA Lynn,34.973684210526315,140.63,1329.0,69.53,40.95,,,,,,,,
Sunny Gupta,0.0,0.0,0.0,,100.0,18.0,3.0,46.0,15.333333333333334,0.0,,,38.88888888888889
MC Juneja,17.857142857142858,97.66,125.0,40.0,37.5,,,,,,,,
KK Nair,24.524590163934427,127.75,1496.0,58.69,38.34,,,,,,,,
GH Vihari,14.947368421052632,88.47,284.0,34.51,42.37,42.0,7.0,47.0,6.714285714285714,1.0,47.0,42.0,14.285714285714285
MDKJ Perera,7.0,107.69,14.0,85.71,61.54,,,,,,,,
R Shukla,19.0,82.61,19.0,42.11,43.48,120.0,20.0,208.0,10.4,7.0,29.714285714285715,17.142857142857142,25.0
B Laughlin,2.5,38.46,5.0,0.0,61.54,168.0,28.0,282.0,10.071428571428571,10.0,28.2,16.8,21.428571428571427
AS Rajpoot,6.5,63.41,26.0,53.85,65.85,530.0,88.33333333333333,809.0,9.158490566037736,24.0,33.708333333333336,22.083333333333332,22.641509433962266
M Vohra,23.04255319148936,130.64,1083.0,62.23,43.31,,,,,,,,
JD Unadkat,15.153846153846153,118.67,197.0,53.81,39.76,2131.0,355.1666666666667,3182.0,8.95917409666823,109.0,29.192660550458715,19.55045871559633,19.14594087282966
Mohammed Shami,5.6923076923076925,93.67,74.0,48.65,48.1,2435.0,405.8333333333333,3372.0,8.308829568788502,144.0,23.416666666666668,16.90972222222222,19.958932238193018
BMAJ Mendis,7.666666666666667,85.19,23.0,0.0,29.63,30.0,5.0,36.0,7.2,1.0,36.0,30.0,13.333333333333334
R Rampaul,10.2,102.0,51.0,47.06,48.0,268.0,44.666666666666664,309.0,6.917910447761194,17.0,18.176470588235293,15.764705882352942,14.55223880597015
CH Morris,22.071428571428573,155.28,618.0,60.52,29.9,1726.0,287.6666666666667,2295.0,7.9779837775202775,107.0,21.44859813084112,16.130841121495326,17.439165701042874
SV Samson,31.79136690647482,138.96,4419.0,59.83,34.4,,,,,,,,
SMSM Senanayake,10.0,58.82,10.0,0.0,47.06,192.0,32.0,209.0,6.53125,9.0,23.22222222222222,21.333333333333332,11.458333333333332
BJ Rohrer,27.571428571428573,136.88,193.0,59.07,36.88,6.0,1.0,12.0,12.0,0.0,,,33.33333333333333
KL Rahul,45.52427184466019,134.55,4689.0,58.05,34.0,,,,,,,,
Q de Kock,31.91919191919192,134.18,3160.0,63.35,38.68,,,,,,,,
R Dhawan,21.0,112.3,210.0,54.29,44.92,662.0,110.33333333333333,882.0,7.993957703927493,27.0,32.666666666666664,24.51851851851852,14.803625377643503
MG Johnson,12.846153846153847,101.83,167.0,49.1,46.34,1235.0,205.83333333333334,1699.0,8.25425101214575,66.0,25.742424242424242,18.71212121212121,20.323886639676115
LJ Wright,26.5,176.67,106.0,77.36,31.67,71.0,11.833333333333334,124.0,10.47887323943662,2.0,62.0,35.5,19.718309859154928
IC Pandey,0.0,0.0,0.0,,100.0,462.0,77.0,591.0,7.675324675324675,19.0,31.105263157894736,24.31578947368421,20.346320346320347
CM Gautam,18.77777777777778,112.67,169.0,61.54,50.67,,,,,,,,
X Thalaivan Sargunam,10.0,58.82,10.0,0.0,52.94,,,,,,,,
DJG Sammy,19.666666666666668,122.41,295.0,56.95,40.66,236.0,39.333333333333336,349.0,8.872881355932202,14.0,24.928571428571427,16.857142857142858,19.06779661016949
KW Richardson,12.0,92.31,36.0,38.89,43.59,335.0,55.833333333333336,468.0,8.382089552238806,21.0,22.285714285714285,15.952380952380953,18.80597014925373
MM Sharma,7.75,93.23,124.0,48.39,48.87,2253.0,375.5,3255.0,8.66844207723036,147.0,22.142857142857142,15.326530612244898,19.618286728806037
UA Birla,7.0,50.0,7.0,57.14,71.43,,,,,,,,
Parvez Rasool,8.5,85.0,17.0,23.53,35.0,198.0,33.0,270.0,8.181818181818182,4.0,67.5,49.5,16.666666666666664
Sandeep Sharma,10.8,77.14,54.0,29.63,42.86,2822.0,470.3333333333333,3708.0,7.883770375620128,153.0,24.235294117647058,18.444444444444443,17.505315379163715
S Kaul,6.666666666666667,55.56,20.0,20.0,63.89,1209.0,201.5,1735.0,8.610421836228287,63.0,27.53968253968254,19.19047619047619,19.106699751861044
Sachin Baby,16.0,122.03,144.0,51.39,38.14,10.0,1.6666666666666667,8.0,4.8,3.0,2.6666666666666665,3.3333333333333335,10.0
PV Tambe,18.0,46.15,18.0,22.22,61.54,660.0,110.0,848.0,7.709090909090909,28.0,30.285714285714285,23.571428571428573,13.939393939393941
NM Coulter-Nile,8.2,113.89,82.0,63.41,50.0,857.0,142.83333333333334,1098.0,7.687281213535589,52.0,21.115384615384617,16.48076923076923,18.319719953325556
CJ Anderson,24.454545454545453,127.19,538.0,64.31,44.21,297.0,49.5,515.0,10.404040404040405,14.0,36.785714285714285,21.214285714285715,25.252525252525253
NJ Maddinson,6.666666666666667,95.24,20.0,80.0,71.43,,,,,,,,
AR Patel,22.33783783783784,130.88,1653.0,54.57,32.86,3105.0,517.5,3754.0,7.254106280193237,131.0,28.65648854961832,23.702290076335878,12.560386473429952
JJ Bumrah,11.333333333333334,87.18,68.0,38.24,44.87,3075.0,512.5,3723.0,7.264390243902439,182.0,20.456043956043956,16.895604395604394,14.56910569105691
JDS Neesham,11.5,98.92,92.0,39.13,43.01,216.0,36.0,334.0,9.277777777777779,8.0,41.75,27.0,21.296296296296298
TG Southee,10.909090909090908,112.15,120.0,46.67,42.99,1206.0,201.0,1738.0,8.64676616915423,57.0,30.49122807017544,21.157894736842106,19.65174129353234
MA Starc,13.125,96.33,105.0,41.9,42.2,831.0,138.5,1118.0,8.072202166064981,59.0,18.949152542372882,14.084745762711865,18.65222623345367
BR Dunk,13.333333333333334,114.29,40.0,70.0,54.29,,,,,,,,
RR Rossouw,23.65,153.57,473.0,69.77,37.66,,,,,,,,
Shivam Sharma,5.0,166.67,5.0,80.0,33.33,114.0,19.0,165.0,8.68421052631579,4.0,41.25,28.5,16.666666666666664
YS Chahal,6.166666666666667,43.02,37.0,0.0,62.79,3521.0,586.8333333333334,4585.0,7.813121272365804,213.0,21.525821596244132,16.530516431924884,14.172110195967056
LMP Simmons,41.5,126.64,1079.0,64.87,44.13,18.0,3.0,34.0,11.333333333333334,1.0,34.0,18.0,22.22222222222222
VH Zol,14.5,111.54,29.0,62.07,50.0,,,,,,,,
BCJ Cutting,23.8,168.79,238.0,73.11,37.59,281.0,46.833333333333336,429.0,9.160142348754448,12.0,35.75,23.416666666666668,20.99644128113879
Imran Tahir,8.25,89.19,33.0,60.61,56.76,1316.0,219.33333333333334,1688.0,7.696048632218845,86.0,19.627906976744185,15.30232558139535,13.677811550151976
BE Hendricks,1.0,33.33,1.0,0.0,66.67,150.0,25.0,231.0,9.24,11.0,21.0,13.636363636363637,20.666666666666668
S Gopal,15.0,106.51,180.0,48.89,39.64,991.0,165.16666666666666,1349.0,8.167507568113018,53.0,25.452830188679247,18.69811320754717,15.237134207870836
M de Lange,1.0,50.0,1.0,0.0,50.0,108.0,18.0,165.0,9.166666666666666,6.0,27.5,18.0,23.14814814814815
R Tewatia,25.325,134.71,1013.0,61.01,36.44,843.0,140.5,1111.0,7.907473309608541,36.0,30.86111111111111,23.416666666666668,13.641755634638198
JO Holder,12.333333333333334,122.75,259.0,61.78,43.6,995.0,165.83333333333334,1457.0,8.785929648241206,59.0,24.694915254237287,16.864406779661017,18.693467336683415
Karanveer Singh,12.0,70.59,12.0,33.33,52.94,204.0,34.0,321.0,9.441176470588236,14.0,22.928571428571427,14.571428571428571,18.627450980392158
SS Iyer,32.27835051546392,127.54,3131.0,56.4,35.36,6.0,1.0,7.0,7.0,0.0,,,16.666666666666664
DJ Hooda,19.81081081081081,129.51,1466.0,51.16,32.16,373.0,62.166666666666664,529.0,8.509383378016086,10.0,52.9,37.3,16.353887399463808
Anureet Singh,9.0,76.6,36.0,38.89,46.81,412.0,68.66666666666667,619.0,9.014563106796116,21.0,29.476190476190474,19.61904761904762,21.11650485436893
KS Williamson,36.758620689655174,125.63,2132.0,53.1,34.47,18.0,3.0,31.0,10.333333333333334,0.0,,,16.666666666666664
SA Abbott,11.0,122.22,22.0,72.73,55.56,54.0,9.0,104.0,11.555555555555555,1.0,104.0,54.0,29.629629629629626
J Suchith,17.5,114.75,70.0,60.0,47.54,420.0,70.0,599.0,8.557142857142857,20.0,29.95,21.0,17.38095238095238
RG More,,100.0,2.0,0.0,0.0,35.0,5.833333333333333,59.0,10.114285714285716,1.0,59.0,35.0,17.142857142857142
HH Pandya,29.46511627906977,145.72,2534.0,62.27,33.41,1418.0,236.33333333333334,2150.0,9.097320169252468,70.0,30.714285714285715,20.257142857142856,20.521861777150914
D Wiese,29.6,146.53,148.0,60.81,29.7,296.0,49.333333333333336,439.0,8.898648648648647,17.0,25.823529411764707,17.41176470588235,19.594594594594593
SN Khan,22.5,130.58,585.0,57.44,34.15,2.0,0.3333333333333333,6.0,18.0,0.0,,,50.0
MJ McClenaghan,7.7272727272727275,121.43,85.0,72.94,51.43,1274.0,212.33333333333334,1798.0,8.467817896389324,75.0,23.973333333333333,16.986666666666668,19.85871271585557
DJ Muthuswami,1.0,33.33,1.0,0.0,66.67,84.0,14.0,101.0,7.214285714285714,4.0,25.25,21.0,20.238095238095237
PJ Cummins,20.6,149.71,515.0,65.24,39.24,1319.0,219.83333333333334,1903.0,8.656557998483699,66.0,28.833333333333332,19.984848484848484,19.863532979529946
SN Thakur,13.347826086956522,138.91,307.0,60.59,34.84,1866.0,311.0,2860.0,9.196141479099678,100.0,28.6,18.66,20.685959271168276
JC Buttler,38.94565217391305,147.45,3583.0,66.7,37.57,,,,,,,,
CR Brathwaite,13.923076923076923,163.06,181.0,75.14,39.64,254.0,42.333333333333336,375.0,8.858267716535433,16.0,23.4375,15.875,19.291338582677163
MP Stoinis,28.70769230769231,142.01,1866.0,61.41,34.17,803.0,133.83333333333334,1268.0,9.474470734744706,45.0,28.177777777777777,17.844444444444445,20.54794520547945
Ishan Kishan,29.054945054945055,135.87,2644.0,65.58,39.0,,,,,,,,
C Munro,19.666666666666668,125.53,177.0,70.06,46.1,12.0,2.0,15.0,7.5,0.0,,,16.666666666666664
P Sahu,,146.15,19.0,52.63,30.77,105.0,17.5,146.0,8.342857142857143,3.0,48.666666666666664,35.0,15.238095238095239
KH Pandya,23.197183098591548,132.82,1647.0,57.19,36.61,2122.0,353.6666666666667,2584.0,7.306314797360979,80.0,32.3,26.525,12.582469368520263
AD Nath,9.0,91.84,90.0,44.44,44.9,,,,,,,,
MJ Guptill,22.583333333333332,137.56,271.0,68.63,44.67,,,,,,,,
KJ Abbott,13.0,162.5,13.0,46.15,37.5,96.0,16.0,176.0,11.0,2.0,88.0,48.0,29.166666666666668
TM Head,38.6,173.87,772.0,70.47,29.73,58.0,9.666666666666666,113.0,11.689655172413794,3.0,37.666666666666664,19.333333333333332,24.137931034482758
M Ashwin,4.375,70.0,35.0,40.0,54.0,870.0,145.0,1159.0,7.993103448275862,35.0,33.114285714285714,24.857142857142858,15.172413793103448
NS Naik,7.75,62.0,31.0,25.81,56.0,,,,,,,,
RR Pant,36.23076923076923,148.85,3297.0,64.18,33.0,,,,,,,,
SW Billings,19.346153846153847,129.64,503.0,55.67,36.34,,,,,,,,
KC Cariappa,8.0,114.29,24.0,50.0,38.1,216.0,36.0,348.0,9.666666666666666,8.0,43.5,27.0,19.444444444444446
PSP Handscomb,6.0,50.0,6.0,0.0,50.0,,,,,,,,
Swapnil Singh,10.2,113.33,51.0,58.82,44.44,162.0,27.0,241.0,8.925925925925926,7.0,34.42857142857143,23.142857142857142,16.049382716049383
J Yadav,20.0,111.11,40.0,35.0,33.33,390.0,65.0,445.0,6.846153846153846,9.0,49.44444444444444,43.333333333333336,11.794871794871794
UT Khawaja,25.4,127.0,127.0,58.27,38.0,,,,,,,,
HM Amla,44.38461538461539,141.77,577.0,63.43,34.15,,,,,,,,
F Behardien,7.0,107.69,14.0,57.14,38.46,,,,,,,,
BB Sran,10.0,71.43,10.0,0.0,35.71,483.0,80.5,751.0,9.329192546583851,20.0,37.55,24.15,21.11801242236025
A Zampa,3.0,62.5,15.0,26.67,50.0,419.0,69.83333333333333,553.0,7.918854415274463,30.0,18.433333333333334,13.966666666666667,13.842482100238662
N Rana,28.652173913043477,135.04,2636.0,65.55,39.55,180.0,30.0,252.0,8.4,10.0,25.2,18.0,18.88888888888889
S Kaushik,0.0,0.0,0.0,,100.0,204.0,34.0,297.0,8.735294117647058,6.0,49.5,34.0,19.11764705882353
ER Dwivedi,12.0,171.43,24.0,83.33,42.86,,,,,,,,
CJ Jordan,9.0,105.19,81.0,37.04,44.16,674.0,112.33333333333333,1076.0,9.578635014836795,36.0,29.88888888888889,18.72222222222222,21.068249258160236
TS Mills,2.0,57.14,8.0,75.0,78.57,209.0,34.833333333333336,337.0,9.674641148325358,11.0,30.636363636363637,19.0,24.401913875598087
A Choudhary,25.0,125.0,25.0,40.0,20.0,101.0,16.833333333333332,144.0,8.554455445544555,5.0,28.8,20.2,18.81188118811881
BA Stokes,24.605263157894736,133.95,935.0,55.19,33.38,689.0,114.83333333333333,990.0,8.621190130624093,31.0,31.93548387096774,22.225806451612904,19.15820029027576
JJ Roy,32.31578947368421,138.6,614.0,69.38,40.63,,,,,,,,
Vishnu Vinod,9.333333333333334,98.25,56.0,53.57,45.61,,,,,,,,
Basil Thampi,32.0,91.43,32.0,31.25,40.0,521.0,86.83333333333333,846.0,9.742802303262957,26.0,32.53846153846154,20.03846153846154,22.264875239923224
CR Woakes,15.6,101.3,78.0,51.28,42.86,440.0,73.33333333333333,658.0,8.972727272727273,31.0,21.225806451612904,14.193548387096774,21.818181818181817
RA Tripathi,27.95,139.31,2236.0,62.43,35.95,6.0,1.0,12.0,12.0,0.0,,,33.33333333333333
DL Chahar,11.428571428571429,135.59,80.0,55.0,37.29,1669.0,278.1666666666667,2221.0,7.984421809466746,79.0,28.11392405063291,21.126582278481013,19.233073696824444
V Shankar,25.930232558139537,129.8,1115.0,52.91,32.71,238.0,39.666666666666664,343.0,8.647058823529413,12.0,28.583333333333332,19.833333333333332,17.22689075630252
Rashid Khan,14.72972972972973,161.72,545.0,70.46,38.87,2872.0,478.6666666666667,3251.0,6.791782729805013,157.0,20.70700636942675,18.29299363057325,12.047353760445683
RD Chahar,8.6,104.03,129.0,63.57,54.03,1664.0,277.3333333333333,2135.0,7.698317307692308,76.0,28.092105263157894,21.894736842105264,14.242788461538462
LH Ferguson,22.666666666666668,147.83,68.0,52.94,26.09,958.0,159.66666666666666,1420.0,8.893528183716075,57.0,24.912280701754387,16.80701754385965,21.08559498956159
C de Grandhomme,21.642857142857142,134.67,303.0,59.41,36.44,216.0,36.0,315.0,8.75,7.0,45.0,30.857142857142858,16.203703703703702
AF Milne,5.75,79.31,23.0,26.09,44.83,207.0,34.5,323.0,9.36231884057971,9.0,35.888888888888886,23.0,23.18840579710145
S Badree,2.6,56.52,13.0,0.0,52.17,258.0,43.0,314.0,7.3023255813953485,11.0,28.545454545454547,23.454545454545453,16.27906976744186
Mohammad Nabi,13.8125,145.39,221.0,65.16,36.18,417.0,69.5,516.0,7.424460431654676,15.0,34.4,27.8,14.148681055155876
AJ Tye,11.375,119.74,91.0,59.34,47.37,685.0,114.16666666666667,978.0,8.566423357664233,48.0,20.375,14.270833333333334,17.956204379562042
K Rabada,13.733333333333333,106.74,206.0,54.37,45.08,1829.0,304.8333333333333,2564.0,8.411153635866594,126.0,20.349206349206348,14.515873015873016,19.245489338436304
Kuldeep Yadav,20.333333333333332,84.72,183.0,44.81,50.0,1746.0,291.0,2379.0,8.175257731958762,90.0,26.433333333333334,19.4,14.318442153493699
Washington Sundar,14.538461538461538,116.31,378.0,48.15,36.62,1054.0,175.66666666666666,1319.0,7.50853889943074,39.0,33.82051282051282,27.025641025641026,14.041745730550284
DM Bravo,,120.0,6.0,66.67,40.0,,,,,,,,
AR Bawne,,100.0,12.0,33.33,33.33,,,,,,,,
SP Jackson,10.166666666666666,107.02,61.0,42.62,35.09,,,,,,,,
Ankit Soni,3.5,77.78,7.0,85.71,77.78,109.0,18.166666666666668,144.0,7.9266055045871555,4.0,36.0,27.25,13.761467889908257
TA Boult,11.857142857142858,106.41,83.0,45.78,43.59,2341.0,390.1666666666667,3224.0,8.263135412217,128.0,25.1875,18.2890625,20.674925245621527
E Lewis,27.25,137.11,654.0,70.95,44.44,,,,,,,,
MA Wood,6.0,150.0,12.0,83.33,50.0,120.0,20.0,179.0,8.95,11.0,16.272727272727273,10.909090909090908,20.833333333333336
RK Singh,30.79310344827586,143.34,893.0,60.92,33.07,,,,,,,,
DJM Short,16.428571428571427,116.16,115.0,64.35,45.45,18.0,3.0,19.0,6.333333333333333,1.0,19.0,18.0,11.11111111111111
K Gowtham,13.722222222222221,166.89,247.0,65.59,34.46,588.0,98.0,808.0,8.244897959183673,22.0,36.72727272727273,26.727272727272727,17.857142857142858
TK Curran,25.4,118.69,127.0,45.67,33.64,238.0,39.666666666666664,430.0,10.840336134453782,13.0,33.07692307692308,18.307692307692307,23.52941176470588
M Markande,16.0,114.29,48.0,54.17,42.86,720.0,120.0,1068.0,8.9,37.0,28.864864864864863,19.45945945945946,18.47222222222222
B Stanlake,,250.0,5.0,80.0,0.0,144.0,24.0,200.0,8.333333333333334,7.0,28.571428571428573,20.571428571428573,19.444444444444446
Mujeeb Ur Rahman,4.0,80.0,12.0,66.67,60.0,434.0,72.33333333333333,582.0,8.046082949308756,20.0,29.1,21.7,14.746543778801843
A Dananjaya,,80.0,4.0,0.0,40.0,24.0,4.0,47.0,11.75,0.0,,,25.0
Shubman Gill,38.74698795180723,135.7,3216.0,56.28,32.11,,,,,,,,
Shivam Mavi,5.666666666666667,91.07,51.0,54.9,53.57,649.0,108.16666666666667,941.0,8.699537750385208,33.0,28.515151515151516,19.666666666666668,20.03081664098613
Mohammed Siraj,12.11111111111111,91.6,109.0,58.72,54.62,1958.0,326.3333333333333,2799.0,8.57711950970378,96.0,29.15625,20.395833333333332,20.48008171603677
H Klaasen,38.19230769230769,168.31,993.0,61.23,24.41,,,,,,,,
RK Bhui,2.5,38.46,10.0,0.0,69.23,,,,,,,,
JC Archer,15.307692307692308,155.47,199.0,64.32,33.59,947.0,157.83333333333334,1165.0,7.381203801478352,49.0,23.775510204081634,19.3265306122449,15.839493136219641
PP Shaw,24.894736842105264,147.47,1892.0,69.66,37.72,,,,,,,,
LE Plunkett,1.0,33.33,1.0,0.0,66.67,150.0,25.0,225.0,9.0,4.0,56.25,37.5,18.0
Mustafizur Rahman,13.0,56.52,13.0,46.15,65.22,1299.0,216.5,1757.0,8.115473441108545,70.0,25.1,18.557142857142857,17.090069284064665
AD Hales,24.666666666666668,125.42,148.0,59.46,39.83,,,,,,,,
MK Lomror,18.17241379310345,141.29,527.0,59.2,32.17,90.0,15.0,127.0,8.466666666666667,2.0,63.5,45.0,14.444444444444443
DR Shorey,6.5,76.47,13.0,46.15,52.94,,,,,,,,
MM Ali,23.714285714285715,141.53,1162.0,67.3,38.73,758.0,126.33333333333333,893.0,7.068601583113456,40.0,22.325,18.95,11.345646437994723
M Prasidh Krishna,4.5,37.5,9.0,0.0,62.5,1152.0,192.0,1698.0,8.84375,54.0,31.444444444444443,21.333333333333332,21.961805555555554
P Chopra,8.0,133.33,8.0,100.0,66.67,,,,,,,,
JPR Scantlebury-Searles,8.0,133.33,8.0,75.0,50.0,42.0,7.0,89.0,12.714285714285714,2.0,44.5,21.0,26.190476190476193
Abhishek Sharma,25.5,155.24,1377.0,68.99,35.85,270.0,45.0,388.0,8.622222222222222,11.0,35.27272727272727,24.545454545454547,15.925925925925927
IS Sodhi,3.5,41.18,7.0,0.0,58.82,181.0,30.166666666666668,202.0,6.696132596685082,9.0,22.444444444444443,20.11111111111111,9.392265193370166
SO Hetmyer,31.871794871794872,153.08,1243.0,64.04,33.62,,,,,,,,
S Dube,30.653061224489797,146.68,1502.0,63.25,34.28,112.0,18.666666666666668,180.0,9.642857142857142,6.0,30.0,18.666666666666668,18.75
Navdeep Saini,8.25,89.19,33.0,36.36,43.24,652.0,108.66666666666667,941.0,8.659509202453988,26.0,36.19230769230769,25.076923076923077,21.625766871165645
JM Bairstow,35.31111111111111,144.45,1589.0,67.84,39.09,,,,,,,,
KMA Paul,4.5,75.0,18.0,55.56,62.5,163.0,27.166666666666668,233.0,8.576687116564417,10.0,23.3,16.3,15.950920245398773
Rasikh Salam,8.0,100.0,40.0,50.0,47.5,195.0,32.5,339.0,10.430769230769231,9.0,37.666666666666664,21.666666666666668,23.076923076923077
N Pooran,32.163636363636364,162.0,1769.0,68.63,33.88,,,,,,,,
P Ray Barman,19.0,79.17,19.0,42.11,45.83,24.0,4.0,56.0,14.0,0.0,,,29.166666666666668
SM Curran,25.228571428571428,136.48,883.0,58.66,34.78,1181.0,196.83333333333334,1900.0,9.652836579170195,62.0,30.64516129032258,19.048387096774192,22.60795935647756
GC Viljoen,1.5,42.86,3.0,0.0,71.43,138.0,23.0,218.0,9.478260869565217,8.0,27.25,17.25,22.463768115942027
Avesh Khan,41.0,164.0,41.0,73.17,40.0,1335.0,222.5,1964.0,8.82696629213483,81.0,24.246913580246915,16.48148148148148,20.973782771535582
S Lamichhane,0.0,0.0,0.0,,100.0,210.0,35.0,292.0,8.342857142857143,14.0,20.857142857142858,15.0,18.095238095238095
HF Gurney,,20.0,1.0,0.0,80.0,162.0,27.0,238.0,8.814814814814815,7.0,34.0,23.142857142857142,18.51851851851852
SD Lad,15.0,115.38,15.0,66.67,61.54,,,,,,,,
AS Joseph,27.0,84.38,27.0,44.44,50.0,434.0,72.33333333333333,689.0,9.525345622119817,22.0,31.318181818181817,19.727272727272727,22.119815668202765
R Parag,26.066666666666666,135.14,1173.0,59.34,34.91,175.0,29.166666666666668,306.0,10.491428571428571,5.0,61.2,35.0,20.57142857142857
MJ Santner,11.666666666666666,98.59,70.0,48.57,45.07,366.0,61.0,415.0,6.80327868852459,16.0,25.9375,22.875,12.841530054644808
JL Denly,0.0,0.0,0.0,,100.0,,,,,,,,
LS Livingstone,29.34375,162.46,939.0,70.29,33.56,258.0,43.0,393.0,9.13953488372093,11.0,35.72727272727273,23.454545454545453,18.992248062015506
KK Ahmed,0.2,14.29,1.0,0.0,85.71,1276.0,212.66666666666666,1877.0,8.82601880877743,78.0,24.064102564102566,16.358974358974358,21.39498432601881
AJ Turner,4.8,85.71,24.0,50.0,50.0,,,,,,,,
Harpreet Brar,21.181818181818183,122.63,233.0,55.79,38.95,679.0,113.16666666666667,888.0,7.846833578792341,25.0,35.52,27.16,14.580265095729015
SE Rutherford,15.142857142857142,101.92,106.0,56.6,49.04,41.0,6.833333333333333,59.0,8.634146341463415,1.0,59.0,41.0,12.195121951219512
Y Prithvi Raj,,0.0,0.0,,100.0,30.0,5.0,57.0,11.4,1.0,57.0,30.0,26.666666666666668
P Simran Singh,22.90909090909091,146.23,756.0,73.81,44.49,,,,,,,,
JL Pattinson,15.0,115.38,15.0,53.33,30.77,213.0,35.5,320.0,9.014084507042254,11.0,29.09090909090909,19.363636363636363,20.657276995305164
A Nortje,9.8,100.0,49.0,48.98,46.94,1054.0,175.66666666666666,1566.0,8.914611005692601,62.0,25.258064516129032,17.0,21.25237191650854
T Banton,9.0,90.0,18.0,55.56,55.0,,,,,,,,
D Padikkal,25.557377049180328,123.14,1559.0,59.78,40.05,,,,,,,,
YBK Jaiswal,32.795918367346935,150.61,1607.0,73.43,40.39,1.0,0.16666666666666666,6.0,36.0,0.0,,,100.0
RD Gaikwad,43.27272727272727,136.86,2380.0,59.41,34.27,,,,,,,,
TU Deshpande,21.0,150.0,21.0,66.67,35.71,774.0,129.0,1241.0,9.62015503875969,46.0,26.97826086956522,16.82608695652174,23.126614987080103
Abdul Samad,19.3,145.84,579.0,62.87,34.76,54.0,9.0,109.0,12.11111111111111,2.0,54.5,27.0,25.925925925925924
PK Garg,15.166666666666666,113.28,273.0,43.22,36.51,,,,,,,,
JR Philippe,19.5,101.3,78.0,53.85,45.45,,,,,,,,
Kartik Tyagi,3.25,81.25,13.0,30.77,43.75,422.0,70.33333333333333,711.0,10.109004739336493,16.0,44.4375,26.375,24.407582938388625
KL Nagarkoti,5.5,66.67,22.0,18.18,48.48,180.0,30.0,285.0,9.5,5.0,57.0,36.0,19.444444444444446
CV Varun,12.5,54.35,25.0,32.0,60.87,1590.0,265.0,1995.0,7.528301886792453,85.0,23.470588235294116,18.705882352941178,14.276729559748427
I Udana,5.0,136.36,15.0,66.67,36.36,174.0,29.0,282.0,9.724137931034482,8.0,35.25,21.75,21.26436781609195
Ravi Bishnoi,4.571428571428571,64.0,32.0,25.0,56.0,1411.0,235.16666666666666,1833.0,7.794472005669738,68.0,26.955882352941178,20.75,14.953933380581146
Shahbaz Ahmed,19.85185185185185,121.82,536.0,48.88,35.23,537.0,89.5,837.0,9.35195530726257,21.0,39.857142857142854,25.571428571428573,18.808193668528865
AT Carey,16.0,110.34,32.0,18.75,27.59,,,,,,,,
N Jagadeesan,18.0,110.2,162.0,59.26,44.22,,,,,,,,
T Natarajan,,60.0,3.0,0.0,40.0,1337.0,222.83333333333334,1964.0,8.81376215407629,76.0,25.842105263157894,17.592105263157894,18.997756170531037
P Dubey,23.0,69.7,23.0,34.78,51.52,66.0,11.0,91.0,8.272727272727273,1.0,91.0,66.0,16.666666666666664
SS Cottrell,0.0,0.0,0.0,,100.0,120.0,20.0,172.0,8.6,6.0,28.666666666666668,20.0,22.5
Arshdeep Singh,5.8,72.5,29.0,55.17,67.5,1364.0,227.33333333333334,2047.0,9.004398826979472,84.0,24.36904761904762,16.238095238095237,20.674486803519063
DR Sams,4.888888888888889,100.0,44.0,50.0,50.0,360.0,60.0,518.0,8.633333333333333,15.0,34.53333333333333,24.0,18.333333333333332
M Jansen,9.428571428571429,100.0,66.0,48.48,43.94,451.0,75.16666666666667,701.0,9.325942350332594,22.0,31.863636363636363,20.5,22.394678492239468
RM Patidar,34.73913043478261,158.85,799.0,66.08,31.61,,,,,,,,
KA Jamieson,21.666666666666668,118.18,65.0,58.46,45.45,168.0,28.0,269.0,9.607142857142858,9.0,29.88888888888889,18.666666666666668,24.404761904761905
M Shahrukh Khan,22.12,141.43,553.0,65.46,37.85,12.0,2.0,15.0,7.5,0.0,,,8.333333333333332
JA Richardson,5.666666666666667,65.38,17.0,47.06,61.54,90.0,15.0,156.0,10.4,3.0,52.0,30.0,24.444444444444443
Lalit Yadav,20.333333333333332,105.17,305.0,49.18,40.69,288.0,48.0,425.0,8.854166666666666,11.0,38.63636363636363,26.181818181818183,17.36111111111111
Virat Singh,7.5,57.69,15.0,26.67,53.85,,,,,,,,
FA Allen,7.0,73.68,14.0,28.57,47.37,90.0,15.0,136.0,9.066666666666666,2.0,68.0,45.0,20.0
C Sakariya,4.0,64.52,20.0,60.0,67.74,426.0,71.0,597.0,8.408450704225352,20.0,29.85,21.3,16.431924882629108
DJ Malan,26.0,100.0,26.0,38.46,38.46,,,,,,,,
KS Bharat,28.428571428571427,122.09,199.0,48.24,34.97,,,,,,,,
PWH de Silva,7.2,98.63,72.0,47.22,45.21,552.0,92.0,746.0,8.108695652173912,36.0,20.72222222222222,15.333333333333334,16.666666666666664
VR Iyer,31.571428571428573,137.13,1326.0,64.1,38.47,81.0,13.5,143.0,10.592592592592593,3.0,47.666666666666664,27.0,23.456790123456788
GD Phillips,9.285714285714286,118.18,65.0,73.85,58.18,30.0,5.0,40.0,8.0,2.0,20.0,15.0,16.666666666666664
GHS Garton,2.0,50.0,2.0,0.0,50.0,90.0,15.0,135.0,9.0,3.0,45.0,30.0,18.88888888888889
AK Markram,30.151515151515152,129.73,995.0,50.45,28.81,121.0,20.166666666666668,172.0,8.52892561983471,2.0,86.0,60.5,16.528925619834713
K Yadav,,0.0,0.0,,100.0,54.0,9.0,84.0,9.333333333333334,2.0,42.0,27.0,18.51851851851852
T Shamsi,,50.0,2.0,0.0,50.0,120.0,20.0,181.0,9.05,3.0,60.333333333333336,40.0,18.333333333333332
NT Ellis,4.75,76.0,19.0,31.58,52.0,354.0,59.0,507.0,8.59322033898305,19.0,26.68421052631579,18.63157894736842,17.796610169491526
RV Patel,20.0,109.59,80.0,45.0,35.62,18.0,3.0,22.0,7.333333333333333,0.0,,,11.11111111111111
TL Seifert,8.666666666666666,113.04,26.0,61.54,52.17,,,,,,,,
Anmolpreet Singh,15.444444444444445,120.87,139.0,67.63,46.09,,,,,,,,
Anuj Rawat,22.714285714285715,119.1,318.0,59.12,42.7,,,,,,,,
TH David,29.954545454545453,170.28,659.0,64.95,28.42,,,,,,,,
DP Conway,48.63157894736842,141.28,924.0,62.77,33.94,,,,,,,,
Tilak Varma,41.285714285714285,146.33,1156.0,61.25,31.52,22.0,3.6666666666666665,28.0,7.636363636363637,0.0,,,18.181818181818183
R Powell,18.94736842105263,147.54,360.0,70.0,41.39,18.0,3.0,35.0,11.666666666666666,1.0,35.0,18.0,22.22222222222222
PBB Rajapaksa,23.083333333333332,145.03,277.0,64.26,36.65,,,,,,,,
RA Bawa,5.5,78.57,11.0,36.36,50.0,,,,,,,,
OF Smith,17.0,115.91,51.0,66.67,52.27,90.0,15.0,178.0,11.866666666666667,7.0,25.428571428571427,12.857142857142858,31.11111111111111
A Badoni,25.36,134.04,634.0,51.74,31.92,25.0,4.166666666666667,36.0,8.639999999999999,2.0,18.0,12.5,12.0
PVD Chameera,14.333333333333334,153.57,43.0,69.77,42.86,282.0,47.0,428.0,9.106382978723405,11.0,38.90909090909091,25.636363636363637,24.46808510638298
A Manohar,16.5,132.76,231.0,62.34,35.63,,,,,,,,
R Shepherd,23.0,182.54,115.0,76.52,38.1,126.0,21.0,254.0,12.095238095238095,6.0,42.333333333333336,21.0,30.952380952380953
DJ Willey,26.5,85.48,53.0,52.83,54.84,216.0,36.0,272.0,7.555555555555555,7.0,38.857142857142854,30.857142857142858,16.666666666666664
D Pretorius,11.0,157.14,44.0,68.18,35.71,150.0,25.0,238.0,9.52,7.0,34.0,21.428571428571427,16.666666666666664
JM Sharma,22.8125,151.14,730.0,66.03,36.02,,,,,,,,
VG Arora,4.5,56.25,9.0,0.0,50.0,384.0,64.0,584.0,9.125,20.0,29.2,19.2,22.135416666666664
Mukesh Choudhary,,100.0,6.0,66.67,50.0,279.0,46.5,451.0,9.698924731182796,16.0,28.1875,17.4375,24.731182795698924
Umran Malik,23.0,143.75,23.0,69.57,50.0,494.0,82.33333333333333,757.0,9.194331983805668,31.0,24.419354838709676,15.935483870967742,24.696356275303643
D Brevis,23.0,133.72,230.0,71.3,45.93,3.0,0.5,8.0,16.0,1.0,8.0,3.0,66.66666666666666
B Sai Sudharsan,49.23809523809524,139.17,1034.0,55.32,29.21,,,,,,,,
Ramandeep Singh,28.333333333333332,166.67,170.0,64.71,32.35,40.0,6.666666666666667,63.0,9.45,6.0,10.5,6.666666666666667,20.0
HE van der Dussen,11.0,91.67,22.0,36.36,45.83,,,,,,,,
SS Prabhudessai,14.0,118.87,126.0,53.97,46.23,,,,,,,,
Akash Deep,9.5,158.33,19.0,73.68,33.33,164.0,27.333333333333332,319.0,11.670731707317074,8.0,39.875,20.5,27.439024390243905
JR Hazlewood,,67.86,19.0,21.05,46.43,603.0,100.5,810.0,8.059701492537313,36.0,22.5,16.75,19.402985074626866
KR Sen,,0.0,0.0,,100.0,241.0,40.166666666666664,386.0,9.609958506224068,14.0,27.571428571428573,17.214285714285715,23.651452282157674
Aman Hakim Khan,12.777777777777779,110.58,115.0,59.13,48.08,6.0,1.0,13.0,13.0,0.0,,,33.33333333333333
HR Shokeen,22.0,101.54,66.0,54.55,47.69,204.0,34.0,310.0,9.117647058823529,5.0,62.0,40.8,19.607843137254903
Yash Dayal,0.0,0.0,0.0,,100.0,578.0,96.33333333333333,915.0,9.498269896193772,31.0,29.516129032258064,18.64516129032258,23.18339100346021
DJ Mitchell,27.0,131.46,351.0,49.0,28.09,48.0,8.0,97.0,12.125,1.0,97.0,48.0,27.083333333333332
Shashank Singh,38.45454545454545,161.45,423.0,66.67,30.15,18.0,3.0,25.0,8.333333333333334,1.0,25.0,18.0,11.11111111111111
B Indrajith,7.0,70.0,21.0,38.1,56.67,,,,,,,,
Harshit Rana,1.0,66.67,2.0,0.0,66.67,385.0,64.16666666666667,581.0,9.054545454545455,27.0,21.51851851851852,14.25925925925926,21.818181818181817
Mohsin Khan,12.5,104.17,25.0,56.0,50.0,486.0,81.0,684.0,8.444444444444445,27.0,25.333333333333332,18.0,19.753086419753085
Simarjeet Singh,7.0,87.5,7.0,0.0,37.5,180.0,30.0,255.0,8.5,10.0,25.5,18.0,20.555555555555554
M Theekshana,7.0,100.0,7.0,85.71,71.43,624.0,104.0,796.0,7.653846153846154,25.0,31.84,24.96,13.782051282051283
AS Roy,8.666666666666666,108.33,26.0,46.15,41.67,136.0,22.666666666666668,191.0,8.426470588235293,6.0,31.833333333333332,22.666666666666668,17.647058823529413
Fazalhaq Farooqi,,23.08,3.0,0.0,76.92,152.0,25.333333333333332,227.0,8.960526315789474,6.0,37.833333333333336,25.333333333333332,21.052631578947366
K Kartikeya,4.5,75.0,9.0,44.44,50.0,234.0,39.0,328.0,8.41025641025641,10.0,32.8,23.4,15.81196581196581
RP Meredith,,0.0,0.0,,100.0,388.0,64.66666666666667,599.0,9.262886597938143,21.0,28.523809523809526,18.476190476190474,22.938144329896907
KS Sharma,5.333333333333333,64.0,16.0,25.0,48.0,,,,,,,,
T Stubbs,45.0,173.82,405.0,64.2,24.89,24.0,4.0,29.0,7.25,4.0,7.25,6.0,12.5
R Sanjay Yadav,0.0,0.0,0.0,,100.0,12.0,2.0,23.0,11.5,0.0,,,33.33333333333333
A Tomar,4.0,50.0,4.0,100.0,87.5,,,,,,,,
PN Mankad,32.333333333333336,132.88,97.0,65.98,41.1,,,,,,,,
OC McCoy,,160.0,8.0,75.0,40.0,162.0,27.0,249.0,9.222222222222221,11.0,22.636363636363637,14.727272727272727,17.901234567901234
Sikandar Raza,26.0,133.82,182.0,52.75,38.24,85.0,14.166666666666666,136.0,9.6,3.0,45.333333333333336,28.333333333333332,22.35294117647059
Rahmanullah Gurbaz,22.23076923076923,133.8,289.0,72.66,49.54,,,,,,,,
KR Mayers,29.153846153846153,144.11,379.0,74.93,48.67,42.0,7.0,59.0,8.428571428571429,0.0,,,19.047619047619047
Mukesh Kumar,10.0,55.56,10.0,0.0,44.44,399.0,66.5,694.0,10.436090225563909,31.0,22.387096774193548,12.870967741935484,26.81704260651629
HC Brook,21.11111111111111,123.38,190.0,61.05,42.21,,,,,,,,
AU Rashid,11.0,137.5,22.0,63.64,43.75,60.0,10.0,91.0,9.1,2.0,45.5,30.0,18.333333333333332
C Green,41.588235294117645,153.7,707.0,62.23,28.7,439.0,73.16666666666667,657.0,8.979498861047835,20.0,32.85,21.95,20.273348519362187
N Wadhera,23.333333333333332,140.0,350.0,67.43,38.4,12.0,2.0,13.0,6.5,0.0,,,8.333333333333332
Arshad Khan,32.0,147.69,96.0,58.33,33.85,134.0,22.333333333333332,277.0,12.402985074626866,6.0,46.166666666666664,22.333333333333332,34.32835820895522
Abishek Porel,25.714285714285715,152.54,360.0,66.11,34.75,,,,,,,,
Dhruv Jurel,26.692307692307693,151.53,347.0,61.1,28.82,,,,,,,,
MG Bracewell,29.0,123.4,58.0,51.72,31.91,66.0,11.0,95.0,8.636363636363637,6.0,15.833333333333334,11.0,19.696969696969695
MW Short,19.5,127.17,117.0,71.79,48.91,24.0,4.0,25.0,6.25,0.0,,,12.5
Mohit Rathee,,50.0,1.0,0.0,50.0,12.0,2.0,29.0,14.5,0.0,,,41.66666666666667
YV Dhull,5.333333333333333,69.57,16.0,25.0,43.48,,,,,,,,
Yudhvir Singh,5.5,137.5,22.0,72.73,50.0,72.0,12.0,118.0,9.833333333333334,4.0,29.5,18.0,26.38888888888889
Atharva Taide,30.875,147.02,247.0,63.16,34.52,1.0,0.16666666666666666,4.0,24.0,0.0,,,100.0
Liton Das,4.0,100.0,4.0,100.0,75.0,,,,,,,,
PD Salt,34.36842105263158,175.54,653.0,76.57,35.22,,,,,,,,
Vijaykumar Vyshak,7.0,116.67,14.0,42.86,33.33,231.0,38.5,395.0,10.25974025974026,17.0,23.235294117647058,13.588235294117647,22.943722943722943
Abdul Basith,,100.0,1.0,0.0,0.0,,,,,,,,
Arjun Tendulkar,13.0,144.44,13.0,46.15,22.22,73.0,12.166666666666666,114.0,9.36986301369863,4.0,28.5,18.25,20.54794520547945
JP Behrendorff,,66.67,6.0,0.0,33.33,366.0,61.0,548.0,8.98360655737705,22.0,24.90909090909091,16.636363636363637,22.131147540983605
AJ Hosein,,160.0,16.0,62.5,30.0,24.0,4.0,40.0,10.0,1.0,40.0,24.0,25.0
Naveen-ul-Haq,18.0,72.0,18.0,44.44,60.0,388.0,64.66666666666667,590.0,9.123711340206185,26.0,22.692307692307693,14.923076923076923,20.103092783505154
Noor Ahmad,3.25,72.22,13.0,61.54,61.11,492.0,82.0,658.0,8.024390243902438,24.0,27.416666666666668,20.5,15.447154471544716
JE Root,10.0,66.67,10.0,40.0,53.33,12.0,2.0,14.0,7.0,0.0,,,8.333333333333332
KM Asif,0.0,0.0,0.0,,100.0,134.0,22.333333333333332,228.0,10.208955223880597,7.0,32.57142857142857,19.142857142857142,22.388059701492537
MD Shanaka,13.0,100.0,26.0,53.85,46.15,,,,,,,,
Sanvir Singh,12.5,119.05,25.0,56.0,38.1,,,,,,,,
Vivrant Sharma,69.0,146.81,69.0,69.57,34.04,18.0,3.0,37.0,12.333333333333334,0.0,,,22.22222222222222
DG Nalkande,6.0,100.0,12.0,50.0,41.67,84.0,14.0,148.0,10.571428571428571,6.0,24.666666666666668,14.0,21.428571428571427
R Ravindra,24.666666666666668,160.87,222.0,72.07,34.78,12.0,2.0,7.0,3.5,0.0,,,0.0
SD Hope,26.142857142857142,150.0,183.0,65.57,36.89,,,,,,,,
Sumit Kumar,9.0,75.0,18.0,77.78,70.83,20.0,3.3333333333333335,38.0,11.4,0.0,,,25.0
Azmatullah Omarzai,10.5,127.27,42.0,47.62,30.3,126.0,21.0,186.0,8.857142857142858,4.0,46.5,31.5,25.396825396825395
Naman Dhir,23.333333333333332,177.22,140.0,77.14,37.97,28.0,4.666666666666667,55.0,11.785714285714285,0.0,,,25.0
G Coetzee,3.5,63.64,14.0,42.86,59.09,201.0,33.5,333.0,9.940298507462687,13.0,25.615384615384617,15.461538461538462,24.875621890547265
SZ Mulani,,100.0,1.0,0.0,0.0,30.0,5.0,57.0,11.4,0.0,,,20.0
Sameer Rizvi,12.75,118.6,51.0,54.9,44.19,,,,,,,,
SH Johnson,,85.71,6.0,66.67,57.14,96.0,16.0,151.0,9.4375,4.0,37.75,24.0,23.958333333333336
Akash Madhwal,,80.0,4.0,0.0,40.0,262.0,43.666666666666664,424.0,9.709923664122138,22.0,19.272727272727273,11.909090909090908,21.755725190839694
SB Dubey,16.5,173.68,33.0,72.73,26.32,,,,,,,,
Mayank Dagar,,0.0,0.0,,100.0,137.0,22.833333333333332,199.0,8.715328467153284,2.0,99.5,68.5,18.248175182481752
RJW Topley,,50.0,3.0,0.0,50.0,102.0,17.0,182.0,10.705882352941176,5.0,36.4,20.4,29.411764705882355
A Raghuvanshi,23.285714285714285,155.24,163.0,68.71,32.38,,,,,,,,
Ashutosh Sharma,27.0,167.26,189.0,68.78,33.63,,,,,,,,
Nithish Kumar Reddy,33.666666666666664,142.92,303.0,61.39,34.43,109.0,18.166666666666668,207.0,11.394495412844035,4.0,51.75,27.25,25.688073394495415
Saurav Chauhan,6.0,120.0,18.0,55.56,40.0,,,,,,,,
Kumar Kushagra,1.0,42.86,3.0,0.0,71.43,,,,,,,,
BR Sharath,2.0,40.0,2.0,0.0,60.0,,,,,,,,
WG Jacks,38.333333333333336,175.57,230.0,74.78,35.11,54.0,9.0,99.0,11.0,2.0,49.5,27.0,24.074074074074073
J Fraser-McGurk,41.25,234.04,330.0,89.7,36.88,,,,,,,,
Tanush Kotian,24.0,77.42,24.0,50.0,54.84,,,,,,,,
KA Maharaj,1.0,50.0,1.0,0.0,50.0,36.0,6.0,39.0,6.5,2.0,19.5,18.0,8.333333333333332
Arshad Khan (2),5.0,125.0,5.0,80.0,50.0,12.0,2.0,23.0,11.5,0.0,,,41.66666666666667
R Sai Kishore,13.0,216.67,13.0,92.31,50.0,186.0,31.0,258.0,8.32258064516129,13.0,19.846153846153847,14.307692307692308,15.053763440860216
L Wood,,300.0,9.0,66.67,0.0,36.0,6.0,93.0,15.5,1.0,93.0,36.0,47.22222222222222
LB Williams,,50.0,1.0,0.0,50.0,37.0,6.166666666666667,66.0,10.702702702702702,1.0,66.0,37.0,27.027027027027028
AA Kulkarni,4.5,112.5,9.0,88.89,62.5,,,,,,,,
MJ Suthar,1.0,50.0,1.0,0.0,50.0,12.0,2.0,26.0,13.0,0.0,,,33.33333333333333
RJ Gleeson,,100.0,2.0,0.0,50.0,47.0,7.833333333333333,71.0,9.063829787234043,1.0,71.0,47.0,21.27659574468085
Gulbadin Naib,19.0,126.67,19.0,52.63,26.67,6.0,1.0,12.0,12.0,0.0,,,33.33333333333333
D Ferreira,4.0,72.73,8.0,0.0,45.45,,,,,,,,
A Kamboj,,100.0,2.0,0.0,0.0,60.0,10.0,114.0,11.4,2.0,57.0,30.0,26.666666666666668
T Kohler-Cadmore,16.0,88.89,48.0,70.83,61.11,,,,,,,,
Shivam Singh,,66.67,2.0,0.0,33.33,,,,,,,,
V Viyaskanth,,140.0,7.0,0.0,0.0,60.0,10.0,86.0,8.6,1.0,86.0,60.0,16.666666666666664
A Nel,,,,,,18.0,3.0,31.0,10.333333333333334,1.0,31.0,18.0,27.77777777777778
C Ganapathy,,,,,,6.0,1.0,13.0,13.0,0.0,,,33.33333333333333
TP Sudhindra,,,,,,70.0,11.666666666666666,136.0,11.657142857142858,1.0,136.0,70.0,25.71428571428571
BW Hilfenhaus,,,,,,372.0,62.0,479.0,7.725806451612903,23.0,20.82608695652174,16.17391304347826,18.548387096774192
P Amarnath,,,,,,132.0,22.0,236.0,10.727272727272727,7.0,33.714285714285715,18.857142857142858,27.27272727272727
B Geeves,,,,,,48.0,8.0,91.0,11.375,2.0,45.5,24.0,37.5
Gagandeep Singh,,,,,,84.0,14.0,141.0,10.071428571428571,3.0,47.0,28.0,23.809523809523807
AM Salvi,,,,,,150.0,25.0,196.0,7.84,7.0,28.0,21.428571428571427,16.666666666666664
RR Bose,,,,,,12.0,2.0,24.0,12.0,0.0,,,41.66666666666667
SS Sarkar,,,,,,25.0,4.166666666666667,34.0,8.16,1.0,34.0,25.0,16.0
RA Shaikh,,,,,,6.0,1.0,11.0,11.0,0.0,,,33.33333333333333
MB Parmar,,,,,,18.0,3.0,33.0,11.0,0.0,,,33.33333333333333
AA Kazi,,,,,,12.0,2.0,21.0,10.5,1.0,21.0,12.0,16.666666666666664
Anand Rajan,,,,,,149.0,24.833333333333332,201.0,8.093959731543624,10.0,20.1,14.9,16.778523489932887
P Prasanth,,,,,,6.0,1.0,18.0,18.0,0.0,,,50.0
SS Mundhe,,,,,,6.0,1.0,6.0,6.0,1.0,6.0,6.0,16.666666666666664
RW Price,,,,,,18.0,3.0,33.0,11.0,0.0,,,22.22222222222222
P Suyal,,,,,,96.0,16.0,151.0,9.4375,2.0,75.5,48.0,21.875
MG Neser,,,,,,24.0,4.0,62.0,15.5,0.0,,,41.66666666666667
K Santokie,,,,,,48.0,8.0,90.0,11.25,3.0,30.0,16.0,25.0
JW Hastings,,,,,,58.0,9.666666666666666,66.0,6.8275862068965525,3.0,22.0,19.333333333333332,18.96551724137931
GS Sandhu,,,,,,48.0,8.0,82.0,10.25,1.0,82.0,48.0,20.833333333333336
SM Boland,,,,,,42.0,7.0,54.0,7.714285714285714,3.0,18.0,14.0,16.666666666666664
Tejas Baroka,,,,,,21.0,3.5,33.0,9.428571428571429,0.0,,,19.047619047619047
SS Agarwal,,,,,,24.0,4.0,42.0,10.5,1.0,42.0,24.0,25.0
NB Singh,,,,,,24.0,4.0,15.0,3.75,1.0,15.0,24.0,8.333333333333332
MJ Henry,,,,,,102.0,17.0,181.0,10.647058823529411,3.0,60.333333333333336,34.0,25.49019607843137
K Khejroliya,,,,,,121.0,20.166666666666668,217.0,10.760330578512397,5.0,43.4,24.2,23.140495867768596
L Ngidi,,,,,,324.0,54.0,448.0,8.296296296296296,28.0,16.0,11.571428571428571,18.82716049382716
CJ Dala,,,,,,18.0,3.0,34.0,11.333333333333334,0.0,,,27.77777777777778
SC Kuggeleijn,,,,,,48.0,8.0,71.0,8.875,2.0,35.5,24.0,18.75
S Midhun,,,,,,12.0,2.0,27.0,13.5,0.0,,,33.33333333333333
O Thomas,,,,,,60.0,10.0,79.0,7.9,5.0,15.8,12.0,16.666666666666664
S Sandeep Warrier,,,,,,168.0,28.0,253.0,9.035714285714286,8.0,31.625,21.0,23.214285714285715
CJ Green,,,,,,17.0,2.8333333333333335,24.0,8.470588235294118,0.0,,,23.52941176470588
Monu Kumar,,,,,,12.0,2.0,20.0,10.0,0.0,,,16.666666666666664
LI Meriwala,,,,,,18.0,3.0,32.0,10.666666666666666,1.0,32.0,18.0,27.77777777777778
Jalaj S Saxena,,,,,,18.0,3.0,27.0,9.0,0.0,,,22.22222222222222
Akash Singh,,,,,,138.0,23.0,227.0,9.869565217391305,5.0,45.4,27.6,26.08695652173913
IC Porel,,,,,,24.0,4.0,39.0,9.75,1.0,39.0,24.0,29.166666666666668
PH Solanki,,,,,,36.0,6.0,38.0,6.333333333333333,2.0,19.0,18.0,8.333333333333332
M Pathirana,,,,,,451.0,75.16666666666667,576.0,7.662971175166296,38.0,15.157894736842104,11.868421052631579,13.52549889135255
J Little,,,,,,228.0,38.0,339.0,8.921052631578947,13.0,26.076923076923077,17.53846153846154,20.175438596491226
RS Hangargekar,,,,,,36.0,6.0,60.0,10.0,3.0,20.0,12.0,22.22222222222222
NA Saini,,,,,,12.0,2.0,34.0,17.0,0.0,,,41.66666666666667
Yash Thakur,,,,,,404.0,67.33333333333333,691.0,10.262376237623764,27.0,25.59259259259259,14.962962962962964,23.51485148514851
Suyash Sharma,,,,,,258.0,43.0,372.0,8.651162790697674,11.0,33.81818181818182,23.454545454545453,18.217054263565892
SSB Magala,,,,,,36.0,6.0,51.0,8.5,1.0,51.0,36.0,13.88888888888889
D Jansen,,,,,,24.0,4.0,53.0,13.25,1.0,53.0,24.0,29.166666666666668
Gurnoor Brar,,,,,,18.0,3.0,42.0,14.0,0.0,,,38.88888888888889
R Goyal,,,,,,24.0,4.0,33.0,8.25,0.0,,,12.5
H Sharma,,,,,,30.0,5.0,57.0,11.4,0.0,,,26.666666666666668
N Burger,,,,,,102.0,17.0,141.0,8.294117647058824,7.0,20.142857142857142,14.571428571428571,22.54901960784314
KT Maphaka,,,,,,36.0,6.0,89.0,14.833333333333334,1.0,89.0,36.0,47.22222222222222
M Siddharth,,,,,,55.0,9.166666666666666,69.0,7.527272727272727,1.0,69.0,55.0,14.545454545454545
MP Yadav,,,,,,73.0,12.166666666666666,85.0,6.986301369863014,8.0,10.625,9.125,19.17808219178082
S Joseph,,,,,,24.0,4.0,43.0,10.75,0.0,,,25.0
N Thushara,,,,,,156.0,26.0,255.0,9.807692307692308,8.0,31.875,19.5,22.435897435897438
V Kaverappa,,,,,,24.0,4.0,36.0,9.0,2.0,18.0,12.0,20.833333333333336
